AnnoA;IstatP;ResidenzaP;SESSO;Isc
2021/2022;1;TORINO;F;35766
2021/2022;1;TORINO;M;29351
2021/2022;2;VERCELLI;F;2237
2021/2022;2;VERCELLI;M;1624
2021/2022;3;NOVARA;F;4956
2021/2022;3;NOVARA;M;3641
2021/2022;4;CUNEO;F;7869
2021/2022;4;CUNEO;M;5695
2021/2022;5;ASTI;F;2882
2021/2022;5;ASTI;M;2073
2021/2022;6;ALESSANDRIA;F;5678
2021/2022;6;ALESSANDRIA;M;4064
2021/2022;7;AOSTA;F;1888
2021/2022;7;AOSTA;M;1409
2021/2022;8;IMPERIA;F;2574
2021/2022;8;IMPERIA;M;1876
2021/2022;9;SAVONA;F;3802
2021/2022;9;SAVONA;M;2792
2021/2022;10;GENOVA;F;13317
2021/2022;10;GENOVA;M;10382
2021/2022;11;LA SPEZIA;F;3313
2021/2022;11;LA SPEZIA;M;2552
2021/2022;12;VARESE;F;12136
2021/2022;12;VARESE;M;9218
2021/2022;13;COMO;F;7794
2021/2022;13;COMO;M;5865
2021/2022;14;SONDRIO;F;2113
2021/2022;14;SONDRIO;M;1491
2021/2022;15;MILANO;F;47291
2021/2022;15;MILANO;M;38711
2021/2022;16;BERGAMO;F;16209
2021/2022;16;BERGAMO;M;11716
2021/2022;17;BRESCIA;F;17234
2021/2022;17;BRESCIA;M;12552
2021/2022;18;PAVIA;F;7447
2021/2022;18;PAVIA;M;5651
2021/2022;19;CREMONA;F;4753
2021/2022;19;CREMONA;M;3482
2021/2022;20;MANTOVA;F;4865
2021/2022;20;MANTOVA;M;3596
2021/2022;21;BOLZANO;F;3804
2021/2022;21;BOLZANO;M;2382
2021/2022;22;TRENTO;F;8779
2021/2022;22;TRENTO;M;6403
2021/2022;23;VERONA;F;12901
2021/2022;23;VERONA;M;10406
2021/2022;24;VICENZA;F;12497
2021/2022;24;VICENZA;M;9719
2021/2022;25;BELLUNO;F;2668
2021/2022;25;BELLUNO;M;2015
2021/2022;26;TREVISO;F;12428
2021/2022;26;TREVISO;M;10273
2021/2022;27;VENEZIA;F;11324
2021/2022;27;VENEZIA;M;9388
2021/2022;28;PADOVA;F;15162
2021/2022;28;PADOVA;M;12472
2021/2022;29;ROVIGO;F;3062
2021/2022;29;ROVIGO;M;2279
2021/2022;30;UDINE;F;7762
2021/2022;30;UDINE;M;6142
2021/2022;31;GORIZIA;F;1922
2021/2022;31;GORIZIA;M;1575
2021/2022;32;TRIESTE;F;3518
2021/2022;32;TRIESTE;M;2982
2021/2022;33;PIACENZA;F;3978
2021/2022;33;PIACENZA;M;2884
2021/2022;34;PARMA;F;7089
2021/2022;34;PARMA;M;5515
2021/2022;35;REGGIO EMILIA;F;7558
2021/2022;35;REGGIO EMILIA;M;5446
2021/2022;36;MODENA;F;9922
2021/2022;36;MODENA;M;7492
2021/2022;37;BOLOGNA;F;15413
2021/2022;37;BOLOGNA;M;11980
2021/2022;38;FERRARA;F;4497
2021/2022;38;FERRARA;M;3640
2021/2022;39;RAVENNA;F;5063
2021/2022;39;RAVENNA;M;3640
2021/2022;40;FORLI'-CESENA;F;5463
2021/2022;40;FORLI'-CESENA;M;4147
2021/2022;41;PESARO E URBINO;F;5991
2021/2022;41;PESARO E URBINO;M;4407
2021/2022;42;ANCONA;F;8316
2021/2022;42;ANCONA;M;6408
2021/2022;43;MACERATA;F;5470
2021/2022;43;MACERATA;M;4126
2021/2022;44;ASCOLI PICENO;F;3888
2021/2022;44;ASCOLI PICENO;M;3103
2021/2022;45;MASSA CARRARA;F;2954
2021/2022;45;MASSA CARRARA;M;2274
2021/2022;46;LUCCA;F;6194
2021/2022;46;LUCCA;M;4504
2021/2022;47;PISTOIA;F;4400
2021/2022;47;PISTOIA;M;3278
2021/2022;48;FIRENZE;F;16312
2021/2022;48;FIRENZE;M;12838
2021/2022;49;LIVORNO;F;4753
2021/2022;49;LIVORNO;M;3672
2021/2022;50;PISA;F;7294
2021/2022;50;PISA;M;5873
2021/2022;51;AREZZO;F;5338
2021/2022;51;AREZZO;M;3895
2021/2022;52;SIENA;F;4200
2021/2022;52;SIENA;M;3396
2021/2022;53;GROSSETO;F;3061
2021/2022;53;GROSSETO;M;2268
2021/2022;54;PERUGIA;F;11758
2021/2022;54;PERUGIA;M;8640
2021/2022;55;TERNI;F;3695
2021/2022;55;TERNI;M;2903
2021/2022;56;VITERBO;F;5253
2021/2022;56;VITERBO;M;3899
2021/2022;57;RIETI;F;2896
2021/2022;57;RIETI;M;2089
2021/2022;58;ROMA;F;85007
2021/2022;58;ROMA;M;68420
2021/2022;59;LATINA;F;10373
2021/2022;59;LATINA;M;7840
2021/2022;60;FROSINONE;F;9197
2021/2022;60;FROSINONE;M;6932
2021/2022;61;CASERTA;F;20143
2021/2022;61;CASERTA;M;14524
2021/2022;62;BENEVENTO;F;6077
2021/2022;62;BENEVENTO;M;4581
2021/2022;63;NAPOLI;F;57867
2021/2022;63;NAPOLI;M;45812
2021/2022;64;AVELLINO;F;9291
2021/2022;64;AVELLINO;M;7101
2021/2022;65;SALERNO;F;22595
2021/2022;65;SALERNO;M;17572
2021/2022;66;L'AQUILA;F;6555
2021/2022;66;L'AQUILA;M;5293
2021/2022;67;TERAMO;F;5981
2021/2022;67;TERAMO;M;4547
2021/2022;68;PESCARA;F;6040
2021/2022;68;PESCARA;M;4811
2021/2022;69;CHIETI;F;7429
2021/2022;69;CHIETI;M;5689
2021/2022;70;CAMPOBASSO;F;4606
2021/2022;70;CAMPOBASSO;M;3535
2021/2022;71;FOGGIA;F;12671
2021/2022;71;FOGGIA;M;9293
2021/2022;72;BARI;F;23555
2021/2022;72;BARI;M;18724
2021/2022;73;TARANTO;F;9938
2021/2022;73;TARANTO;M;7779
2021/2022;74;BRINDISI;F;6939
2021/2022;74;BRINDISI;M;5155
2021/2022;75;LECCE;F;15560
2021/2022;75;LECCE;M;12143
2021/2022;76;POTENZA;F;8026
2021/2022;76;POTENZA;M;6144
2021/2022;77;MATERA;F;4163
2021/2022;77;MATERA;M;3240
2021/2022;78;COSENZA;F;15011
2021/2022;78;COSENZA;M;10691
2021/2022;79;CATANZARO;F;8031
2021/2022;79;CATANZARO;M;5860
2021/2022;80;REGGIO CALABRIA;F;12109
2021/2022;80;REGGIO CALABRIA;M;8202
2021/2022;81;TRAPANI;F;7487
2021/2022;81;TRAPANI;M;5377
2021/2022;82;PALERMO;F;21355
2021/2022;82;PALERMO;M;16804
2021/2022;83;MESSINA;F;12135
2021/2022;83;MESSINA;M;9114
2021/2022;84;AGRIGENTO;F;8706
2021/2022;84;AGRIGENTO;M;6105
2021/2022;85;CALTANISSETTA;F;5384
2021/2022;85;CALTANISSETTA;M;3895
2021/2022;86;ENNA;F;3358
2021/2022;86;ENNA;M;2202
2021/2022;87;CATANIA;F;20848
2021/2022;87;CATANIA;M;15946
2021/2022;88;RAGUSA;F;5298
2021/2022;88;RAGUSA;M;3949
2021/2022;89;SIRACUSA;F;6606
2021/2022;89;SIRACUSA;M;5172
2021/2022;90;SASSARI;F;8536
2021/2022;90;SASSARI;M;5962
2021/2022;91;NUORO;F;4154
2021/2022;91;NUORO;M;2635
2021/2022;92;CAGLIARI;F;7718
2021/2022;92;CAGLIARI;M;5921
2021/2022;93;PORDENONE;F;4398
2021/2022;93;PORDENONE;M;3405
2021/2022;94;ISERNIA;F;1620
2021/2022;94;ISERNIA;M;1185
2021/2022;95;ORISTANO;F;2717
2021/2022;95;ORISTANO;M;1761
2021/2022;96;BIELLA;F;2315
2021/2022;96;BIELLA;M;1668
2021/2022;97;LECCO;F;4952
2021/2022;97;LECCO;M;3657
2021/2022;98;LODI;F;3186
2021/2022;98;LODI;M;2312
2021/2022;99;RIMINI;F;4947
2021/2022;99;RIMINI;M;3754
2021/2022;100;PRATO;F;3587
2021/2022;100;PRATO;M;2621
2021/2022;101;CROTONE;F;3579
2021/2022;101;CROTONE;M;2600
2021/2022;102;VIBO VALENTIA;F;3457
2021/2022;102;VIBO VALENTIA;M;2417
2021/2022;103;VERBANO CUSIO OSSOLA;F;1879
2021/2022;103;VERBANO CUSIO OSSOLA;M;1322
2021/2022;108;MONZA E BRIANZA;F;12653
2021/2022;108;MONZA E BRIANZA;M;9766
2021/2022;109;FERMO;F;3025
2021/2022;109;FERMO;M;2329
2021/2022;110;BARLETTA - ANDRIA - TRANI;F;7650
2021/2022;110;BARLETTA - ANDRIA - TRANI;M;5511
2021/2022;111;SUD SARDEGNA;F;5538
2021/2022;111;SUD SARDEGNA;M;3548
2021/2022;998;PROVINCIA ESTERA;F;23535
2021/2022;998;PROVINCIA ESTERA;M;22208
2021/2022;999;PROVINCIA NON DEFINITA;F;335
2021/2022;999;PROVINCIA NON DEFINITA;M;184
2020/2021;1;TORINO;F;35199
2020/2021;1;TORINO;M;29369
2020/2021;2;VERCELLI;F;2235
2020/2021;2;VERCELLI;M;1636
2020/2021;3;NOVARA;F;4948
2020/2021;3;NOVARA;M;3788
2020/2021;4;CUNEO;F;7884
2020/2021;4;CUNEO;M;5673
2020/2021;5;ASTI;F;2843
2020/2021;5;ASTI;M;2112
2020/2021;6;ALESSANDRIA;F;5444
2020/2021;6;ALESSANDRIA;M;4117
2020/2021;7;AOSTA;F;1878
2020/2021;7;AOSTA;M;1384
2020/2021;8;IMPERIA;F;2475
2020/2021;8;IMPERIA;M;1958
2020/2021;9;SAVONA;F;3825
2020/2021;9;SAVONA;M;2816
2020/2021;10;GENOVA;F;13332
2020/2021;10;GENOVA;M;10717
2020/2021;11;LA SPEZIA;F;3335
2020/2021;11;LA SPEZIA;M;2580
2020/2021;12;VARESE;F;11996
2020/2021;12;VARESE;M;9205
2020/2021;13;COMO;F;7832
2020/2021;13;COMO;M;5932
2020/2021;14;SONDRIO;F;2075
2020/2021;14;SONDRIO;M;1508
2020/2021;15;MILANO;F;46898
2020/2021;15;MILANO;M;39092
2020/2021;16;BERGAMO;F;16094
2020/2021;16;BERGAMO;M;11854
2020/2021;17;BRESCIA;F;16860
2020/2021;17;BRESCIA;M;12505
2020/2021;18;PAVIA;F;7451
2020/2021;18;PAVIA;M;5676
2020/2021;19;CREMONA;F;4697
2020/2021;19;CREMONA;M;3567
2020/2021;20;MANTOVA;F;4733
2020/2021;20;MANTOVA;M;3562
2020/2021;21;BOLZANO;F;3936
2020/2021;21;BOLZANO;M;2481
2020/2021;22;TRENTO;F;8546
2020/2021;22;TRENTO;M;6345
2020/2021;23;VERONA;F;12744
2020/2021;23;VERONA;M;10506
2020/2021;24;VICENZA;F;12320
2020/2021;24;VICENZA;M;9779
2020/2021;25;BELLUNO;F;2607
2020/2021;25;BELLUNO;M;2018
2020/2021;26;TREVISO;F;12161
2020/2021;26;TREVISO;M;10293
2020/2021;27;VENEZIA;F;11135
2020/2021;27;VENEZIA;M;9490
2020/2021;28;PADOVA;F;14889
2020/2021;28;PADOVA;M;12421
2020/2021;29;ROVIGO;F;3024
2020/2021;29;ROVIGO;M;2336
2020/2021;30;UDINE;F;7617
2020/2021;30;UDINE;M;6158
2020/2021;31;GORIZIA;F;1848
2020/2021;31;GORIZIA;M;1557
2020/2021;32;TRIESTE;F;3540
2020/2021;32;TRIESTE;M;3014
2020/2021;33;PIACENZA;F;3880
2020/2021;33;PIACENZA;M;2875
2020/2021;34;PARMA;F;7008
2020/2021;34;PARMA;M;5516
2020/2021;35;REGGIO EMILIA;F;7362
2020/2021;35;REGGIO EMILIA;M;5423
2020/2021;36;MODENA;F;9755
2020/2021;36;MODENA;M;7625
2020/2021;37;BOLOGNA;F;15347
2020/2021;37;BOLOGNA;M;12207
2020/2021;38;FERRARA;F;4362
2020/2021;38;FERRARA;M;3645
2020/2021;39;RAVENNA;F;4912
2020/2021;39;RAVENNA;M;3584
2020/2021;40;FORLI'-CESENA;F;5327
2020/2021;40;FORLI'-CESENA;M;4102
2020/2021;41;PESARO E URBINO;F;5872
2020/2021;41;PESARO E URBINO;M;4410
2020/2021;42;ANCONA;F;8178
2020/2021;42;ANCONA;M;6428
2020/2021;43;MACERATA;F;5408
2020/2021;43;MACERATA;M;4166
2020/2021;44;ASCOLI PICENO;F;3942
2020/2021;44;ASCOLI PICENO;M;3192
2020/2021;45;MASSA CARRARA;F;2989
2020/2021;45;MASSA CARRARA;M;2306
2020/2021;46;LUCCA;F;6062
2020/2021;46;LUCCA;M;4534
2020/2021;47;PISTOIA;F;4402
2020/2021;47;PISTOIA;M;3310
2020/2021;48;FIRENZE;F;16238
2020/2021;48;FIRENZE;M;13075
2020/2021;49;LIVORNO;F;4758
2020/2021;49;LIVORNO;M;3818
2020/2021;50;PISA;F;7232
2020/2021;50;PISA;M;5931
2020/2021;51;AREZZO;F;5247
2020/2021;51;AREZZO;M;3935
2020/2021;52;SIENA;F;4266
2020/2021;52;SIENA;M;3506
2020/2021;53;GROSSETO;F;3014
2020/2021;53;GROSSETO;M;2279
2020/2021;54;PERUGIA;F;11622
2020/2021;54;PERUGIA;M;8643
2020/2021;55;TERNI;F;3654
2020/2021;55;TERNI;M;2948
2020/2021;56;VITERBO;F;5155
2020/2021;56;VITERBO;M;3998
2020/2021;57;RIETI;F;2813
2020/2021;57;RIETI;M;2177
2020/2021;58;ROMA;F;84849
2020/2021;58;ROMA;M;69889
2020/2021;59;LATINA;F;10538
2020/2021;59;LATINA;M;8197
2020/2021;60;FROSINONE;F;9157
2020/2021;60;FROSINONE;M;7044
2020/2021;61;CASERTA;F;21147
2020/2021;61;CASERTA;M;15918
2020/2021;62;BENEVENTO;F;6207
2020/2021;62;BENEVENTO;M;4752
2020/2021;63;NAPOLI;F;60096
2020/2021;63;NAPOLI;M;48859
2020/2021;64;AVELLINO;F;9736
2020/2021;64;AVELLINO;M;7592
2020/2021;65;SALERNO;F;23614
2020/2021;65;SALERNO;M;18859
2020/2021;66;L'AQUILA;F;6717
2020/2021;66;L'AQUILA;M;5445
2020/2021;67;TERAMO;F;6088
2020/2021;67;TERAMO;M;4602
2020/2021;68;PESCARA;F;6093
2020/2021;68;PESCARA;M;4967
2020/2021;69;CHIETI;F;7601
2020/2021;69;CHIETI;M;5796
2020/2021;70;CAMPOBASSO;F;4674
2020/2021;70;CAMPOBASSO;M;3555
2020/2021;71;FOGGIA;F;12603
2020/2021;71;FOGGIA;M;9371
2020/2021;72;BARI;F;23924
2020/2021;72;BARI;M;19379
2020/2021;73;TARANTO;F;10212
2020/2021;73;TARANTO;M;8162
2020/2021;74;BRINDISI;F;7075
2020/2021;74;BRINDISI;M;5263
2020/2021;75;LECCE;F;15774
2020/2021;75;LECCE;M;12475
2020/2021;76;POTENZA;F;8210
2020/2021;76;POTENZA;M;6243
2020/2021;77;MATERA;F;4215
2020/2021;77;MATERA;M;3324
2020/2021;78;COSENZA;F;15381
2020/2021;78;COSENZA;M;11283
2020/2021;79;CATANZARO;F;8359
2020/2021;79;CATANZARO;M;6076
2020/2021;80;REGGIO CALABRIA;F;12564
2020/2021;80;REGGIO CALABRIA;M;8899
2020/2021;81;TRAPANI;F;7815
2020/2021;81;TRAPANI;M;5938
2020/2021;82;PALERMO;F;21963
2020/2021;82;PALERMO;M;18081
2020/2021;83;MESSINA;F;12555
2020/2021;83;MESSINA;M;9662
2020/2021;84;AGRIGENTO;F;8998
2020/2021;84;AGRIGENTO;M;6618
2020/2021;85;CALTANISSETTA;F;5585
2020/2021;85;CALTANISSETTA;M;4287
2020/2021;86;ENNA;F;3391
2020/2021;86;ENNA;M;2278
2020/2021;87;CATANIA;F;21071
2020/2021;87;CATANIA;M;16564
2020/2021;88;RAGUSA;F;5370
2020/2021;88;RAGUSA;M;4045
2020/2021;89;SIRACUSA;F;6664
2020/2021;89;SIRACUSA;M;5339
2020/2021;90;SASSARI;F;8574
2020/2021;90;SASSARI;M;6131
2020/2021;91;NUORO;F;4325
2020/2021;91;NUORO;M;2662
2020/2021;92;CAGLIARI;F;7841
2020/2021;92;CAGLIARI;M;6081
2020/2021;93;PORDENONE;F;4246
2020/2021;93;PORDENONE;M;3331
2020/2021;94;ISERNIA;F;1666
2020/2021;94;ISERNIA;M;1259
2020/2021;95;ORISTANO;F;2785
2020/2021;95;ORISTANO;M;1893
2020/2021;96;BIELLA;F;2230
2020/2021;96;BIELLA;M;1662
2020/2021;97;LECCO;F;4896
2020/2021;97;LECCO;M;3631
2020/2021;98;LODI;F;3103
2020/2021;98;LODI;M;2302
2020/2021;99;RIMINI;F;4876
2020/2021;99;RIMINI;M;3659
2020/2021;100;PRATO;F;3551
2020/2021;100;PRATO;M;2665
2020/2021;101;CROTONE;F;3672
2020/2021;101;CROTONE;M;2693
2020/2021;102;VIBO VALENTIA;F;3525
2020/2021;102;VIBO VALENTIA;M;2576
2020/2021;103;VERBANO CUSIO OSSOLA;F;1899
2020/2021;103;VERBANO CUSIO OSSOLA;M;1318
2020/2021;108;MONZA E BRIANZA;F;12362
2020/2021;108;MONZA E BRIANZA;M;9877
2020/2021;109;FERMO;F;3008
2020/2021;109;FERMO;M;2377
2020/2021;110;BARLETTA - ANDRIA - TRANI;F;7458
2020/2021;110;BARLETTA - ANDRIA - TRANI;M;5618
2020/2021;111;SUD SARDEGNA;F;5544
2020/2021;111;SUD SARDEGNA;M;3618
2020/2021;998;PROVINCIA ESTERA;F;19707
2020/2021;998;PROVINCIA ESTERA;M;19393
2020/2021;999;PROVINCIA NON DEFINITA;F;334
2020/2021;999;PROVINCIA NON DEFINITA;M;202
2019/2020;1;TORINO;F;33270
2019/2020;1;TORINO;M;28143
2019/2020;2;VERCELLI;F;2140
2019/2020;2;VERCELLI;M;1609
2019/2020;3;NOVARA;F;4780
2019/2020;3;NOVARA;M;3545
2019/2020;4;CUNEO;F;7344
2019/2020;4;CUNEO;M;5481
2019/2020;5;ASTI;F;2638
2019/2020;5;ASTI;M;2026
2019/2020;6;ALESSANDRIA;F;5127
2019/2020;6;ALESSANDRIA;M;3968
2019/2020;7;AOSTA;F;1772
2019/2020;7;AOSTA;M;1333
2019/2020;8;IMPERIA;F;2343
2019/2020;8;IMPERIA;M;1896
2019/2020;9;SAVONA;F;3552
2019/2020;9;SAVONA;M;2713
2019/2020;10;GENOVA;F;12629
2019/2020;10;GENOVA;M;10329
2019/2020;11;LA SPEZIA;F;3039
2019/2020;11;LA SPEZIA;M;2436
2019/2020;12;VARESE;F;11124
2019/2020;12;VARESE;M;8983
2019/2020;13;COMO;F;7472
2019/2020;13;COMO;M;5777
2019/2020;14;SONDRIO;F;1954
2019/2020;14;SONDRIO;M;1471
2019/2020;15;MILANO;F;44495
2019/2020;15;MILANO;M;38086
2019/2020;16;BERGAMO;F;15406
2019/2020;16;BERGAMO;M;11551
2019/2020;17;BRESCIA;F;15899
2019/2020;17;BRESCIA;M;12233
2019/2020;18;PAVIA;F;7046
2019/2020;18;PAVIA;M;5511
2019/2020;19;CREMONA;F;4516
2019/2020;19;CREMONA;M;3480
2019/2020;20;MANTOVA;F;4566
2019/2020;20;MANTOVA;M;3476
2019/2020;21;BOLZANO;F;3644
2019/2020;21;BOLZANO;M;2356
2019/2020;22;TRENTO;F;8124
2019/2020;22;TRENTO;M;6147
2019/2020;23;VERONA;F;12084
2019/2020;23;VERONA;M;10233
2019/2020;24;VICENZA;F;11656
2019/2020;24;VICENZA;M;9420
2019/2020;25;BELLUNO;F;2548
2019/2020;25;BELLUNO;M;1975
2019/2020;26;TREVISO;F;11467
2019/2020;26;TREVISO;M;9820
2019/2020;27;VENEZIA;F;10596
2019/2020;27;VENEZIA;M;9042
2019/2020;28;PADOVA;F;13992
2019/2020;28;PADOVA;M;11847
2019/2020;29;ROVIGO;F;2990
2019/2020;29;ROVIGO;M;2284
2019/2020;30;UDINE;F;7215
2019/2020;30;UDINE;M;6014
2019/2020;31;GORIZIA;F;1695
2019/2020;31;GORIZIA;M;1536
2019/2020;32;TRIESTE;F;3374
2019/2020;32;TRIESTE;M;2853
2019/2020;33;PIACENZA;F;3625
2019/2020;33;PIACENZA;M;2766
2019/2020;34;PARMA;F;6661
2019/2020;34;PARMA;M;5311
2019/2020;35;REGGIO EMILIA;F;6933
2019/2020;35;REGGIO EMILIA;M;5037
2019/2020;36;MODENA;F;9204
2019/2020;36;MODENA;M;7390
2019/2020;37;BOLOGNA;F;14436
2019/2020;37;BOLOGNA;M;11735
2019/2020;38;FERRARA;F;4125
2019/2020;38;FERRARA;M;3509
2019/2020;39;RAVENNA;F;4596
2019/2020;39;RAVENNA;M;3500
2019/2020;40;FORLI'-CESENA;F;4979
2019/2020;40;FORLI'-CESENA;M;3928
2019/2020;41;PESARO E URBINO;F;5492
2019/2020;41;PESARO E URBINO;M;4280
2019/2020;42;ANCONA;F;7833
2019/2020;42;ANCONA;M;6344
2019/2020;43;MACERATA;F;5261
2019/2020;43;MACERATA;M;4043
2019/2020;44;ASCOLI PICENO;F;3811
2019/2020;44;ASCOLI PICENO;M;3173
2019/2020;45;MASSA CARRARA;F;2856
2019/2020;45;MASSA CARRARA;M;2236
2019/2020;46;LUCCA;F;5698
2019/2020;46;LUCCA;M;4320
2019/2020;47;PISTOIA;F;4069
2019/2020;47;PISTOIA;M;3158
2019/2020;48;FIRENZE;F;15220
2019/2020;48;FIRENZE;M;12460
2019/2020;49;LIVORNO;F;4380
2019/2020;49;LIVORNO;M;3592
2019/2020;50;PISA;F;7021
2019/2020;50;PISA;M;5753
2019/2020;51;AREZZO;F;4852
2019/2020;51;AREZZO;M;3698
2019/2020;52;SIENA;F;3968
2019/2020;52;SIENA;M;3324
2019/2020;53;GROSSETO;F;2817
2019/2020;53;GROSSETO;M;2213
2019/2020;54;PERUGIA;F;10670
2019/2020;54;PERUGIA;M;8169
2019/2020;55;TERNI;F;3448
2019/2020;55;TERNI;M;2832
2019/2020;56;VITERBO;F;4929
2019/2020;56;VITERBO;M;3873
2019/2020;57;RIETI;F;2790
2019/2020;57;RIETI;M;2158
2019/2020;58;ROMA;F;81606
2019/2020;58;ROMA;M;68280
2019/2020;59;LATINA;F;10160
2019/2020;59;LATINA;M;8042
2019/2020;60;FROSINONE;F;8938
2019/2020;60;FROSINONE;M;6790
2019/2020;61;CASERTA;F;20352
2019/2020;61;CASERTA;M;15302
2019/2020;62;BENEVENTO;F;6104
2019/2020;62;BENEVENTO;M;4700
2019/2020;63;NAPOLI;F;57943
2019/2020;63;NAPOLI;M;47199
2019/2020;64;AVELLINO;F;9654
2019/2020;64;AVELLINO;M;7595
2019/2020;65;SALERNO;F;23009
2019/2020;65;SALERNO;M;18357
2019/2020;66;L'AQUILA;F;6669
2019/2020;66;L'AQUILA;M;5482
2019/2020;67;TERAMO;F;5884
2019/2020;67;TERAMO;M;4498
2019/2020;68;PESCARA;F;5838
2019/2020;68;PESCARA;M;4738
2019/2020;69;CHIETI;F;7324
2019/2020;69;CHIETI;M;5578
2019/2020;70;CAMPOBASSO;F;4550
2019/2020;70;CAMPOBASSO;M;3537
2019/2020;71;FOGGIA;F;11820
2019/2020;71;FOGGIA;M;8807
2019/2020;72;BARI;F;23127
2019/2020;72;BARI;M;18626
2019/2020;73;TARANTO;F;9873
2019/2020;73;TARANTO;M;7876
2019/2020;74;BRINDISI;F;6814
2019/2020;74;BRINDISI;M;5025
2019/2020;75;LECCE;F;15199
2019/2020;75;LECCE;M;11858
2019/2020;76;POTENZA;F;8054
2019/2020;76;POTENZA;M;6154
2019/2020;77;MATERA;F;4055
2019/2020;77;MATERA;M;3192
2019/2020;78;COSENZA;F;14875
2019/2020;78;COSENZA;M;10983
2019/2020;79;CATANZARO;F;8017
2019/2020;79;CATANZARO;M;5946
2019/2020;80;REGGIO CALABRIA;F;12268
2019/2020;80;REGGIO CALABRIA;M;8713
2019/2020;81;TRAPANI;F;7483
2019/2020;81;TRAPANI;M;5768
2019/2020;82;PALERMO;F;20850
2019/2020;82;PALERMO;M;17264
2019/2020;83;MESSINA;F;12112
2019/2020;83;MESSINA;M;9346
2019/2020;84;AGRIGENTO;F;8661
2019/2020;84;AGRIGENTO;M;6363
2019/2020;85;CALTANISSETTA;F;5369
2019/2020;85;CALTANISSETTA;M;4224
2019/2020;86;ENNA;F;3134
2019/2020;86;ENNA;M;2202
2019/2020;87;CATANIA;F;19757
2019/2020;87;CATANIA;M;15672
2019/2020;88;RAGUSA;F;4951
2019/2020;88;RAGUSA;M;3897
2019/2020;89;SIRACUSA;F;6389
2019/2020;89;SIRACUSA;M;5165
2019/2020;90;SASSARI;F;7962
2019/2020;90;SASSARI;M;5897
2019/2020;91;NUORO;F;4295
2019/2020;91;NUORO;M;2619
2019/2020;92;CAGLIARI;F;7757
2019/2020;92;CAGLIARI;M;6143
2019/2020;93;PORDENONE;F;3959
2019/2020;93;PORDENONE;M;3207
2019/2020;94;ISERNIA;F;1633
2019/2020;94;ISERNIA;M;1273
2019/2020;95;ORISTANO;F;2711
2019/2020;95;ORISTANO;M;1901
2019/2020;96;BIELLA;F;2016
2019/2020;96;BIELLA;M;1594
2019/2020;97;LECCO;F;4601
2019/2020;97;LECCO;M;3613
2019/2020;98;LODI;F;2993
2019/2020;98;LODI;M;2198
2019/2020;99;RIMINI;F;4502
2019/2020;99;RIMINI;M;3528
2019/2020;100;PRATO;F;3248
2019/2020;100;PRATO;M;2555
2019/2020;101;CROTONE;F;3560
2019/2020;101;CROTONE;M;2618
2019/2020;102;VIBO VALENTIA;F;3387
2019/2020;102;VIBO VALENTIA;M;2477
2019/2020;103;VERBANO CUSIO OSSOLA;F;1767
2019/2020;103;VERBANO CUSIO OSSOLA;M;1288
2019/2020;108;MONZA E BRIANZA;F;11870
2019/2020;108;MONZA E BRIANZA;M;9775
2019/2020;109;FERMO;F;2910
2019/2020;109;FERMO;M;2276
2019/2020;110;BARLETTA - ANDRIA - TRANI;F;7091
2019/2020;110;BARLETTA - ANDRIA - TRANI;M;5375
2019/2020;111;SUD SARDEGNA;F;5422
2019/2020;111;SUD SARDEGNA;M;3621
2019/2020;998;PROVINCIA ESTERA;F;17290
2019/2020;998;PROVINCIA ESTERA;M;17520
2019/2020;999;PROVINCIA NON DEFINITA;F;292
2019/2020;999;PROVINCIA NON DEFINITA;M;215
2018/2019;1;TORINO;F;32217
2018/2019;1;TORINO;M;27287
2018/2019;2;VERCELLI;F;2079
2018/2019;2;VERCELLI;M;1603
2018/2019;3;NOVARA;F;4605
2018/2019;3;NOVARA;M;3456
2018/2019;4;CUNEO;F;7029
2018/2019;4;CUNEO;M;5154
2018/2019;5;ASTI;F;2523
2018/2019;5;ASTI;M;1913
2018/2019;6;ALESSANDRIA;F;4916
2018/2019;6;ALESSANDRIA;M;3905
2018/2019;7;AOSTA;F;1718
2018/2019;7;AOSTA;M;1233
2018/2019;8;IMPERIA;F;2233
2018/2019;8;IMPERIA;M;1813
2018/2019;9;SAVONA;F;3439
2018/2019;9;SAVONA;M;2604
2018/2019;10;GENOVA;F;12254
2018/2019;10;GENOVA;M;10174
2018/2019;11;LA SPEZIA;F;2926
2018/2019;11;LA SPEZIA;M;2373
2018/2019;12;VARESE;F;10562
2018/2019;12;VARESE;M;8781
2018/2019;13;COMO;F;7172
2018/2019;13;COMO;M;5710
2018/2019;14;SONDRIO;F;1833
2018/2019;14;SONDRIO;M;1410
2018/2019;15;MILANO;F;42418
2018/2019;15;MILANO;M;36854
2018/2019;16;BERGAMO;F;14560
2018/2019;16;BERGAMO;M;11108
2018/2019;17;BRESCIA;F;15205
2018/2019;17;BRESCIA;M;11827
2018/2019;18;PAVIA;F;6720
2018/2019;18;PAVIA;M;5451
2018/2019;19;CREMONA;F;4312
2018/2019;19;CREMONA;M;3372
2018/2019;20;MANTOVA;F;4423
2018/2019;20;MANTOVA;M;3337
2018/2019;21;BOLZANO;F;3408
2018/2019;21;BOLZANO;M;2205
2018/2019;22;TRENTO;F;7737
2018/2019;22;TRENTO;M;5950
2018/2019;23;VERONA;F;11846
2018/2019;23;VERONA;M;10203
2018/2019;24;VICENZA;F;11184
2018/2019;24;VICENZA;M;9193
2018/2019;25;BELLUNO;F;2484
2018/2019;25;BELLUNO;M;1951
2018/2019;26;TREVISO;F;11119
2018/2019;26;TREVISO;M;9541
2018/2019;27;VENEZIA;F;10231
2018/2019;27;VENEZIA;M;8800
2018/2019;28;PADOVA;F;13541
2018/2019;28;PADOVA;M;11555
2018/2019;29;ROVIGO;F;2976
2018/2019;29;ROVIGO;M;2255
2018/2019;30;UDINE;F;6973
2018/2019;30;UDINE;M;5827
2018/2019;31;GORIZIA;F;1664
2018/2019;31;GORIZIA;M;1489
2018/2019;32;TRIESTE;F;3231
2018/2019;32;TRIESTE;M;2764
2018/2019;33;PIACENZA;F;3502
2018/2019;33;PIACENZA;M;2717
2018/2019;34;PARMA;F;6416
2018/2019;34;PARMA;M;5188
2018/2019;35;REGGIO EMILIA;F;6529
2018/2019;35;REGGIO EMILIA;M;4773
2018/2019;36;MODENA;F;8745
2018/2019;36;MODENA;M;7149
2018/2019;37;BOLOGNA;F;14089
2018/2019;37;BOLOGNA;M;11409
2018/2019;38;FERRARA;F;4075
2018/2019;38;FERRARA;M;3470
2018/2019;39;RAVENNA;F;4464
2018/2019;39;RAVENNA;M;3273
2018/2019;40;FORLI'-CESENA;F;4905
2018/2019;40;FORLI'-CESENA;M;3819
2018/2019;41;PESARO E URBINO;F;5346
2018/2019;41;PESARO E URBINO;M;4165
2018/2019;42;ANCONA;F;7612
2018/2019;42;ANCONA;M;6239
2018/2019;43;MACERATA;F;5224
2018/2019;43;MACERATA;M;4083
2018/2019;44;ASCOLI PICENO;F;3781
2018/2019;44;ASCOLI PICENO;M;3089
2018/2019;45;MASSA CARRARA;F;2822
2018/2019;45;MASSA CARRARA;M;2197
2018/2019;46;LUCCA;F;5485
2018/2019;46;LUCCA;M;4272
2018/2019;47;PISTOIA;F;3874
2018/2019;47;PISTOIA;M;3049
2018/2019;48;FIRENZE;F;15012
2018/2019;48;FIRENZE;M;12344
2018/2019;49;LIVORNO;F;4284
2018/2019;49;LIVORNO;M;3535
2018/2019;50;PISA;F;7008
2018/2019;50;PISA;M;5703
2018/2019;51;AREZZO;F;4709
2018/2019;51;AREZZO;M;3650
2018/2019;52;SIENA;F;3858
2018/2019;52;SIENA;M;3296
2018/2019;53;GROSSETO;F;2687
2018/2019;53;GROSSETO;M;2168
2018/2019;54;PERUGIA;F;10302
2018/2019;54;PERUGIA;M;8086
2018/2019;55;TERNI;F;3287
2018/2019;55;TERNI;M;2782
2018/2019;56;VITERBO;F;4608
2018/2019;56;VITERBO;M;3784
2018/2019;57;RIETI;F;2730
2018/2019;57;RIETI;M;2085
2018/2019;58;ROMA;F;79283
2018/2019;58;ROMA;M;67090
2018/2019;59;LATINA;F;10040
2018/2019;59;LATINA;M;7949
2018/2019;60;FROSINONE;F;9002
2018/2019;60;FROSINONE;M;6826
2018/2019;61;CASERTA;F;20341
2018/2019;61;CASERTA;M;15278
2018/2019;62;BENEVENTO;F;6095
2018/2019;62;BENEVENTO;M;4740
2018/2019;63;NAPOLI;F;57465
2018/2019;63;NAPOLI;M;46905
2018/2019;64;AVELLINO;F;9685
2018/2019;64;AVELLINO;M;7589
2018/2019;65;SALERNO;F;23020
2018/2019;65;SALERNO;M;18127
2018/2019;66;L'AQUILA;F;6380
2018/2019;66;L'AQUILA;M;4943
2018/2019;67;TERAMO;F;5813
2018/2019;67;TERAMO;M;4432
2018/2019;68;PESCARA;F;5759
2018/2019;68;PESCARA;M;4663
2018/2019;69;CHIETI;F;7327
2018/2019;69;CHIETI;M;5516
2018/2019;70;CAMPOBASSO;F;4621
2018/2019;70;CAMPOBASSO;M;3549
2018/2019;71;FOGGIA;F;11620
2018/2019;71;FOGGIA;M;8811
2018/2019;72;BARI;F;22701
2018/2019;72;BARI;M;18459
2018/2019;73;TARANTO;F;9595
2018/2019;73;TARANTO;M;7731
2018/2019;74;BRINDISI;F;6633
2018/2019;74;BRINDISI;M;5047
2018/2019;75;LECCE;F;15011
2018/2019;75;LECCE;M;11674
2018/2019;76;POTENZA;F;7995
2018/2019;76;POTENZA;M;6062
2018/2019;77;MATERA;F;4079
2018/2019;77;MATERA;M;3072
2018/2019;78;COSENZA;F;14726
2018/2019;78;COSENZA;M;10925
2018/2019;79;CATANZARO;F;7893
2018/2019;79;CATANZARO;M;5898
2018/2019;80;REGGIO CALABRIA;F;12028
2018/2019;80;REGGIO CALABRIA;M;8697
2018/2019;81;TRAPANI;F;7322
2018/2019;81;TRAPANI;M;5518
2018/2019;82;PALERMO;F;19986
2018/2019;82;PALERMO;M;16678
2018/2019;83;MESSINA;F;11853
2018/2019;83;MESSINA;M;9183
2018/2019;84;AGRIGENTO;F;8403
2018/2019;84;AGRIGENTO;M;6187
2018/2019;85;CALTANISSETTA;F;5363
2018/2019;85;CALTANISSETTA;M;4140
2018/2019;86;ENNA;F;3049
2018/2019;86;ENNA;M;2182
2018/2019;87;CATANIA;F;19544
2018/2019;87;CATANIA;M;15581
2018/2019;88;RAGUSA;F;4895
2018/2019;88;RAGUSA;M;3845
2018/2019;89;SIRACUSA;F;6329
2018/2019;89;SIRACUSA;M;5106
2018/2019;90;SASSARI;F;7896
2018/2019;90;SASSARI;M;5777
2018/2019;91;NUORO;F;4220
2018/2019;91;NUORO;M;2628
2018/2019;92;CAGLIARI;F;7719
2018/2019;92;CAGLIARI;M;6113
2018/2019;93;PORDENONE;F;3804
2018/2019;93;PORDENONE;M;3091
2018/2019;94;ISERNIA;F;1628
2018/2019;94;ISERNIA;M;1296
2018/2019;95;ORISTANO;F;2622
2018/2019;95;ORISTANO;M;1905
2018/2019;96;BIELLA;F;1916
2018/2019;96;BIELLA;M;1474
2018/2019;97;LECCO;F;4421
2018/2019;97;LECCO;M;3548
2018/2019;98;LODI;F;2821
2018/2019;98;LODI;M;2121
2018/2019;99;RIMINI;F;4309
2018/2019;99;RIMINI;M;3361
2018/2019;100;PRATO;F;3073
2018/2019;100;PRATO;M;2501
2018/2019;101;CROTONE;F;3454
2018/2019;101;CROTONE;M;2608
2018/2019;102;VIBO VALENTIA;F;3398
2018/2019;102;VIBO VALENTIA;M;2478
2018/2019;103;VERBANO CUSIO OSSOLA;F;1646
2018/2019;103;VERBANO CUSIO OSSOLA;M;1263
2018/2019;108;MONZA E BRIANZA;F;11403
2018/2019;108;MONZA E BRIANZA;M;9363
2018/2019;109;FERMO;F;2872
2018/2019;109;FERMO;M;2269
2018/2019;110;BARLETTA - ANDRIA - TRANI;F;6801
2018/2019;110;BARLETTA - ANDRIA - TRANI;M;5193
2018/2019;111;SUD SARDEGNA;F;5252
2018/2019;111;SUD SARDEGNA;M;3460
2018/2019;998;PROVINCIA ESTERA;F;15638
2018/2019;998;PROVINCIA ESTERA;M;16201
2018/2019;999;PROVINCIA NON DEFINITA;F;321
2018/2019;999;PROVINCIA NON DEFINITA;M;322
2017/2018;1;TORINO;F;31591
2017/2018;1;TORINO;M;26912
2017/2018;2;VERCELLI;F;2055
2017/2018;2;VERCELLI;M;1609
2017/2018;3;NOVARA;F;4421
2017/2018;3;NOVARA;M;3410
2017/2018;4;CUNEO;F;6791
2017/2018;4;CUNEO;M;5098
2017/2018;5;ASTI;F;2458
2017/2018;5;ASTI;M;1867
2017/2018;6;ALESSANDRIA;F;4845
2017/2018;6;ALESSANDRIA;M;3870
2017/2018;7;AOSTA;F;1651
2017/2018;7;AOSTA;M;1188
2017/2018;8;IMPERIA;F;2204
2017/2018;8;IMPERIA;M;1891
2017/2018;9;SAVONA;F;3493
2017/2018;9;SAVONA;M;2705
2017/2018;10;GENOVA;F;12416
2017/2018;10;GENOVA;M;10570
2017/2018;11;LA SPEZIA;F;2875
2017/2018;11;LA SPEZIA;M;2355
2017/2018;12;VARESE;F;10239
2017/2018;12;VARESE;M;8556
2017/2018;13;COMO;F;6900
2017/2018;13;COMO;M;5645
2017/2018;14;SONDRIO;F;1812
2017/2018;14;SONDRIO;M;1374
2017/2018;15;MILANO;F;41629
2017/2018;15;MILANO;M;36310
2017/2018;16;BERGAMO;F;13953
2017/2018;16;BERGAMO;M;10831
2017/2018;17;BRESCIA;F;14694
2017/2018;17;BRESCIA;M;11662
2017/2018;18;PAVIA;F;6437
2017/2018;18;PAVIA;M;5282
2017/2018;19;CREMONA;F;4181
2017/2018;19;CREMONA;M;3353
2017/2018;20;MANTOVA;F;4332
2017/2018;20;MANTOVA;M;3264
2017/2018;21;BOLZANO;F;3339
2017/2018;21;BOLZANO;M;2191
2017/2018;22;TRENTO;F;7619
2017/2018;22;TRENTO;M;5836
2017/2018;23;VERONA;F;11806
2017/2018;23;VERONA;M;10228
2017/2018;24;VICENZA;F;10987
2017/2018;24;VICENZA;M;8964
2017/2018;25;BELLUNO;F;2443
2017/2018;25;BELLUNO;M;1886
2017/2018;26;TREVISO;F;10752
2017/2018;26;TREVISO;M;9363
2017/2018;27;VENEZIA;F;10065
2017/2018;27;VENEZIA;M;8567
2017/2018;28;PADOVA;F;13352
2017/2018;28;PADOVA;M;11300
2017/2018;29;ROVIGO;F;2917
2017/2018;29;ROVIGO;M;2257
2017/2018;30;UDINE;F;6786
2017/2018;30;UDINE;M;5793
2017/2018;31;GORIZIA;F;1621
2017/2018;31;GORIZIA;M;1465
2017/2018;32;TRIESTE;F;3150
2017/2018;32;TRIESTE;M;2758
2017/2018;33;PIACENZA;F;3407
2017/2018;33;PIACENZA;M;2678
2017/2018;34;PARMA;F;6014
2017/2018;34;PARMA;M;5142
2017/2018;35;REGGIO EMILIA;F;6307
2017/2018;35;REGGIO EMILIA;M;4769
2017/2018;36;MODENA;F;8620
2017/2018;36;MODENA;M;7109
2017/2018;37;BOLOGNA;F;13687
2017/2018;37;BOLOGNA;M;11304
2017/2018;38;FERRARA;F;4115
2017/2018;38;FERRARA;M;3538
2017/2018;39;RAVENNA;F;4335
2017/2018;39;RAVENNA;M;3193
2017/2018;40;FORLI'-CESENA;F;4740
2017/2018;40;FORLI'-CESENA;M;3712
2017/2018;41;PESARO E URBINO;F;5240
2017/2018;41;PESARO E URBINO;M;4043
2017/2018;42;ANCONA;F;7428
2017/2018;42;ANCONA;M;6143
2017/2018;43;MACERATA;F;5084
2017/2018;43;MACERATA;M;3954
2017/2018;44;ASCOLI PICENO;F;3701
2017/2018;44;ASCOLI PICENO;M;3075
2017/2018;45;MASSA CARRARA;F;2748
2017/2018;45;MASSA CARRARA;M;2158
2017/2018;46;LUCCA;F;5466
2017/2018;46;LUCCA;M;4255
2017/2018;47;PISTOIA;F;3758
2017/2018;47;PISTOIA;M;2975
2017/2018;48;FIRENZE;F;14705
2017/2018;48;FIRENZE;M;12147
2017/2018;49;LIVORNO;F;4231
2017/2018;49;LIVORNO;M;3492
2017/2018;50;PISA;F;6952
2017/2018;50;PISA;M;5623
2017/2018;51;AREZZO;F;4695
2017/2018;51;AREZZO;M;3601
2017/2018;52;SIENA;F;3819
2017/2018;52;SIENA;M;3197
2017/2018;53;GROSSETO;F;2605
2017/2018;53;GROSSETO;M;2175
2017/2018;54;PERUGIA;F;10072
2017/2018;54;PERUGIA;M;7803
2017/2018;55;TERNI;F;3161
2017/2018;55;TERNI;M;2664
2017/2018;56;VITERBO;F;4637
2017/2018;56;VITERBO;M;3831
2017/2018;57;RIETI;F;2735
2017/2018;57;RIETI;M;2085
2017/2018;58;ROMA;F;77334
2017/2018;58;ROMA;M;65807
2017/2018;59;LATINA;F;9840
2017/2018;59;LATINA;M;7739
2017/2018;60;FROSINONE;F;8889
2017/2018;60;FROSINONE;M;6719
2017/2018;61;CASERTA;F;19943
2017/2018;61;CASERTA;M;15029
2017/2018;62;BENEVENTO;F;6169
2017/2018;62;BENEVENTO;M;4748
2017/2018;63;NAPOLI;F;57330
2017/2018;63;NAPOLI;M;46638
2017/2018;64;AVELLINO;F;9622
2017/2018;64;AVELLINO;M;7588
2017/2018;65;SALERNO;F;23137
2017/2018;65;SALERNO;M;18217
2017/2018;66;L'AQUILA;F;6431
2017/2018;66;L'AQUILA;M;5016
2017/2018;67;TERAMO;F;5862
2017/2018;67;TERAMO;M;4404
2017/2018;68;PESCARA;F;5711
2017/2018;68;PESCARA;M;4545
2017/2018;69;CHIETI;F;7201
2017/2018;69;CHIETI;M;5494
2017/2018;70;CAMPOBASSO;F;4646
2017/2018;70;CAMPOBASSO;M;3479
2017/2018;71;FOGGIA;F;11582
2017/2018;71;FOGGIA;M;8706
2017/2018;72;BARI;F;22264
2017/2018;72;BARI;M;18197
2017/2018;73;TARANTO;F;9408
2017/2018;73;TARANTO;M;7620
2017/2018;74;BRINDISI;F;6510
2017/2018;74;BRINDISI;M;4860
2017/2018;75;LECCE;F;14838
2017/2018;75;LECCE;M;11541
2017/2018;76;POTENZA;F;8083
2017/2018;76;POTENZA;M;6065
2017/2018;77;MATERA;F;4103
2017/2018;77;MATERA;M;3053
2017/2018;78;COSENZA;F;14859
2017/2018;78;COSENZA;M;10991
2017/2018;79;CATANZARO;F;7722
2017/2018;79;CATANZARO;M;5896
2017/2018;80;REGGIO CALABRIA;F;12148
2017/2018;80;REGGIO CALABRIA;M;8719
2017/2018;81;TRAPANI;F;7169
2017/2018;81;TRAPANI;M;5327
2017/2018;82;PALERMO;F;19682
2017/2018;82;PALERMO;M;16314
2017/2018;83;MESSINA;F;11768
2017/2018;83;MESSINA;M;9128
2017/2018;84;AGRIGENTO;F;8149
2017/2018;84;AGRIGENTO;M;6088
2017/2018;85;CALTANISSETTA;F;5292
2017/2018;85;CALTANISSETTA;M;4156
2017/2018;86;ENNA;F;3112
2017/2018;86;ENNA;M;2197
2017/2018;87;CATANIA;F;20200
2017/2018;87;CATANIA;M;15734
2017/2018;88;RAGUSA;F;4999
2017/2018;88;RAGUSA;M;3837
2017/2018;89;SIRACUSA;F;6457
2017/2018;89;SIRACUSA;M;5047
2017/2018;90;SASSARI;F;7902
2017/2018;90;SASSARI;M;5671
2017/2018;91;NUORO;F;4254
2017/2018;91;NUORO;M;2692
2017/2018;92;CAGLIARI;F;7734
2017/2018;92;CAGLIARI;M;6036
2017/2018;93;PORDENONE;F;3692
2017/2018;93;PORDENONE;M;3061
2017/2018;94;ISERNIA;F;1682
2017/2018;94;ISERNIA;M;1357
2017/2018;95;ORISTANO;F;2567
2017/2018;95;ORISTANO;M;1865
2017/2018;96;BIELLA;F;1881
2017/2018;96;BIELLA;M;1465
2017/2018;97;LECCO;F;4322
2017/2018;97;LECCO;M;3598
2017/2018;98;LODI;F;2650
2017/2018;98;LODI;M;2063
2017/2018;99;RIMINI;F;4149
2017/2018;99;RIMINI;M;3306
2017/2018;100;PRATO;F;3088
2017/2018;100;PRATO;M;2467
2017/2018;101;CROTONE;F;3408
2017/2018;101;CROTONE;M;2585
2017/2018;102;VIBO VALENTIA;F;3495
2017/2018;102;VIBO VALENTIA;M;2542
2017/2018;103;VERBANO CUSIO OSSOLA;F;1595
2017/2018;103;VERBANO CUSIO OSSOLA;M;1227
2017/2018;108;MONZA E BRIANZA;F;11107
2017/2018;108;MONZA E BRIANZA;M;9157
2017/2018;109;FERMO;F;2773
2017/2018;109;FERMO;M;2175
2017/2018;110;BARLETTA - ANDRIA - TRANI;F;6659
2017/2018;110;BARLETTA - ANDRIA - TRANI;M;5064
2017/2018;111;SUD SARDEGNA;F;5281
2017/2018;111;SUD SARDEGNA;M;3403
2017/2018;998;PROVINCIA ESTERA;F;14126
2017/2018;998;PROVINCIA ESTERA;M;14729
2017/2018;999;PROVINCIA NON DEFINITA;F;245
2017/2018;999;PROVINCIA NON DEFINITA;M;227
2016/2017;1;TORINO;F;30776
2016/2017;1;TORINO;M;26154
2016/2017;2;VERCELLI;F;2036
2016/2017;2;VERCELLI;M;1585
2016/2017;3;NOVARA;F;4319
2016/2017;3;NOVARA;M;3296
2016/2017;4;CUNEO;F;6529
2016/2017;4;CUNEO;M;4876
2016/2017;5;ASTI;F;2345
2016/2017;5;ASTI;M;1803
2016/2017;6;ALESSANDRIA;F;4787
2016/2017;6;ALESSANDRIA;M;3771
2016/2017;7;AOSTA;F;1635
2016/2017;7;AOSTA;M;1168
2016/2017;8;IMPERIA;F;2174
2016/2017;8;IMPERIA;M;1771
2016/2017;9;SAVONA;F;3351
2016/2017;9;SAVONA;M;2608
2016/2017;10;GENOVA;F;12004
2016/2017;10;GENOVA;M;10031
2016/2017;11;LA SPEZIA;F;2850
2016/2017;11;LA SPEZIA;M;2366
2016/2017;12;VARESE;F;9916
2016/2017;12;VARESE;M;8364
2016/2017;13;COMO;F;6762
2016/2017;13;COMO;M;5428
2016/2017;14;SONDRIO;F;1784
2016/2017;14;SONDRIO;M;1339
2016/2017;15;MILANO;F;40309
2016/2017;15;MILANO;M;35081
2016/2017;16;BERGAMO;F;13556
2016/2017;16;BERGAMO;M;10382
2016/2017;17;BRESCIA;F;14065
2016/2017;17;BRESCIA;M;11454
2016/2017;18;PAVIA;F;6208
2016/2017;18;PAVIA;M;5122
2016/2017;19;CREMONA;F;4061
2016/2017;19;CREMONA;M;3266
2016/2017;20;MANTOVA;F;4175
2016/2017;20;MANTOVA;M;3206
2016/2017;21;BOLZANO;F;3259
2016/2017;21;BOLZANO;M;2130
2016/2017;22;TRENTO;F;7467
2016/2017;22;TRENTO;M;5766
2016/2017;23;VERONA;F;11694
2016/2017;23;VERONA;M;10036
2016/2017;24;VICENZA;F;10896
2016/2017;24;VICENZA;M;8828
2016/2017;25;BELLUNO;F;2486
2016/2017;25;BELLUNO;M;1877
2016/2017;26;TREVISO;F;10610
2016/2017;26;TREVISO;M;9257
2016/2017;27;VENEZIA;F;9758
2016/2017;27;VENEZIA;M;8422
2016/2017;28;PADOVA;F;13254
2016/2017;28;PADOVA;M;11169
2016/2017;29;ROVIGO;F;2848
2016/2017;29;ROVIGO;M;2205
2016/2017;30;UDINE;F;6660
2016/2017;30;UDINE;M;5664
2016/2017;31;GORIZIA;F;1604
2016/2017;31;GORIZIA;M;1373
2016/2017;32;TRIESTE;F;3077
2016/2017;32;TRIESTE;M;2692
2016/2017;33;PIACENZA;F;3342
2016/2017;33;PIACENZA;M;2628
2016/2017;34;PARMA;F;5911
2016/2017;34;PARMA;M;4988
2016/2017;35;REGGIO EMILIA;F;6115
2016/2017;35;REGGIO EMILIA;M;4571
2016/2017;36;MODENA;F;8457
2016/2017;36;MODENA;M;7024
2016/2017;37;BOLOGNA;F;13312
2016/2017;37;BOLOGNA;M;11032
2016/2017;38;FERRARA;F;3976
2016/2017;38;FERRARA;M;3401
2016/2017;39;RAVENNA;F;4159
2016/2017;39;RAVENNA;M;3135
2016/2017;40;FORLI'-CESENA;F;4649
2016/2017;40;FORLI'-CESENA;M;3570
2016/2017;41;PESARO E URBINO;F;5071
2016/2017;41;PESARO E URBINO;M;3944
2016/2017;42;ANCONA;F;7349
2016/2017;42;ANCONA;M;6034
2016/2017;43;MACERATA;F;5061
2016/2017;43;MACERATA;M;3978
2016/2017;44;ASCOLI PICENO;F;3725
2016/2017;44;ASCOLI PICENO;M;3047
2016/2017;45;MASSA CARRARA;F;2695
2016/2017;45;MASSA CARRARA;M;2150
2016/2017;46;LUCCA;F;5354
2016/2017;46;LUCCA;M;4226
2016/2017;47;PISTOIA;F;3673
2016/2017;47;PISTOIA;M;2894
2016/2017;48;FIRENZE;F;14579
2016/2017;48;FIRENZE;M;12071
2016/2017;49;LIVORNO;F;4178
2016/2017;49;LIVORNO;M;3476
2016/2017;50;PISA;F;7080
2016/2017;50;PISA;M;5612
2016/2017;51;AREZZO;F;4688
2016/2017;51;AREZZO;M;3576
2016/2017;52;SIENA;F;3781
2016/2017;52;SIENA;M;3190
2016/2017;53;GROSSETO;F;2530
2016/2017;53;GROSSETO;M;2076
2016/2017;54;PERUGIA;F;9909
2016/2017;54;PERUGIA;M;7774
2016/2017;55;TERNI;F;3103
2016/2017;55;TERNI;M;2514
2016/2017;56;VITERBO;F;4597
2016/2017;56;VITERBO;M;3768
2016/2017;57;RIETI;F;2744
2016/2017;57;RIETI;M;2122
2016/2017;58;ROMA;F;75771
2016/2017;58;ROMA;M;64018
2016/2017;59;LATINA;F;9784
2016/2017;59;LATINA;M;7620
2016/2017;60;FROSINONE;F;9056
2016/2017;60;FROSINONE;M;6780
2016/2017;61;CASERTA;F;20003
2016/2017;61;CASERTA;M;14678
2016/2017;62;BENEVENTO;F;6208
2016/2017;62;BENEVENTO;M;4788
2016/2017;63;NAPOLI;F;57537
2016/2017;63;NAPOLI;M;46431
2016/2017;64;AVELLINO;F;9747
2016/2017;64;AVELLINO;M;7514
2016/2017;65;SALERNO;F;23542
2016/2017;65;SALERNO;M;18155
2016/2017;66;L'AQUILA;F;6588
2016/2017;66;L'AQUILA;M;4993
2016/2017;67;TERAMO;F;5755
2016/2017;67;TERAMO;M;4373
2016/2017;68;PESCARA;F;5614
2016/2017;68;PESCARA;M;4471
2016/2017;69;CHIETI;F;7242
2016/2017;69;CHIETI;M;5442
2016/2017;70;CAMPOBASSO;F;4611
2016/2017;70;CAMPOBASSO;M;3540
2016/2017;71;FOGGIA;F;11343
2016/2017;71;FOGGIA;M;8696
2016/2017;72;BARI;F;22060
2016/2017;72;BARI;M;17873
2016/2017;73;TARANTO;F;9362
2016/2017;73;TARANTO;M;7347
2016/2017;74;BRINDISI;F;6485
2016/2017;74;BRINDISI;M;4817
2016/2017;75;LECCE;F;14786
2016/2017;75;LECCE;M;11328
2016/2017;76;POTENZA;F;8348
2016/2017;76;POTENZA;M;6080
2016/2017;77;MATERA;F;4124
2016/2017;77;MATERA;M;3066
2016/2017;78;COSENZA;F;15048
2016/2017;78;COSENZA;M;10876
2016/2017;79;CATANZARO;F;7718
2016/2017;79;CATANZARO;M;5923
2016/2017;80;REGGIO CALABRIA;F;12240
2016/2017;80;REGGIO CALABRIA;M;8603
2016/2017;81;TRAPANI;F;7071
2016/2017;81;TRAPANI;M;5242
2016/2017;82;PALERMO;F;19655
2016/2017;82;PALERMO;M;16043
2016/2017;83;MESSINA;F;11681
2016/2017;83;MESSINA;M;8915
2016/2017;84;AGRIGENTO;F;8053
2016/2017;84;AGRIGENTO;M;5969
2016/2017;85;CALTANISSETTA;F;5224
2016/2017;85;CALTANISSETTA;M;3974
2016/2017;86;ENNA;F;3188
2016/2017;86;ENNA;M;2176
2016/2017;87;CATANIA;F;20260
2016/2017;87;CATANIA;M;15467
2016/2017;88;RAGUSA;F;5014
2016/2017;88;RAGUSA;M;3760
2016/2017;89;SIRACUSA;F;6495
2016/2017;89;SIRACUSA;M;4994
2016/2017;90;SASSARI;F;7814
2016/2017;90;SASSARI;M;5594
2016/2017;91;NUORO;F;4256
2016/2017;91;NUORO;M;2714
2016/2017;92;CAGLIARI;F;7814
2016/2017;92;CAGLIARI;M;6038
2016/2017;93;PORDENONE;F;3640
2016/2017;93;PORDENONE;M;3029
2016/2017;94;ISERNIA;F;1731
2016/2017;94;ISERNIA;M;1419
2016/2017;95;ORISTANO;F;2657
2016/2017;95;ORISTANO;M;1868
2016/2017;96;BIELLA;F;1869
2016/2017;96;BIELLA;M;1473
2016/2017;97;LECCO;F;4154
2016/2017;97;LECCO;M;3545
2016/2017;98;LODI;F;2566
2016/2017;98;LODI;M;2034
2016/2017;99;RIMINI;F;4024
2016/2017;99;RIMINI;M;3284
2016/2017;100;PRATO;F;3018
2016/2017;100;PRATO;M;2443
2016/2017;101;CROTONE;F;3397
2016/2017;101;CROTONE;M;2518
2016/2017;102;VIBO VALENTIA;F;3480
2016/2017;102;VIBO VALENTIA;M;2526
2016/2017;103;VERBANO CUSIO OSSOLA;F;1526
2016/2017;103;VERBANO CUSIO OSSOLA;M;1181
2016/2017;108;MONZA E BRIANZA;F;10715
2016/2017;108;MONZA E BRIANZA;M;8848
2016/2017;109;FERMO;F;2729
2016/2017;109;FERMO;M;2045
2016/2017;110;BARLETTA - ANDRIA - TRANI;F;6464
2016/2017;110;BARLETTA - ANDRIA - TRANI;M;4930
2016/2017;111;SUD SARDEGNA;F;5456
2016/2017;111;SUD SARDEGNA;M;3409
2016/2017;998;PROVINCIA ESTERA;F;12609
2016/2017;998;PROVINCIA ESTERA;M;12884
2016/2017;999;PROVINCIA NON DEFINITA;F;169
2016/2017;999;PROVINCIA NON DEFINITA;M;116
2015/2016;1;TORINO;F;30427
2015/2016;1;TORINO;M;25673
2015/2016;2;VERCELLI;F;2034
2015/2016;2;VERCELLI;M;1573
2015/2016;3;NOVARA;F;4191
2015/2016;3;NOVARA;M;3200
2015/2016;4;CUNEO;F;6365
2015/2016;4;CUNEO;M;4630
2015/2016;5;ASTI;F;2314
2015/2016;5;ASTI;M;1833
2015/2016;6;ALESSANDRIA;F;4735
2015/2016;6;ALESSANDRIA;M;3666
2015/2016;7;AOSTA;F;1629
2015/2016;7;AOSTA;M;1190
2015/2016;8;IMPERIA;F;2059
2015/2016;8;IMPERIA;M;1708
2015/2016;9;SAVONA;F;3265
2015/2016;9;SAVONA;M;2520
2015/2016;10;GENOVA;F;11808
2015/2016;10;GENOVA;M;9818
2015/2016;11;LA SPEZIA;F;2795
2015/2016;11;LA SPEZIA;M;2313
2015/2016;12;VARESE;F;9728
2015/2016;12;VARESE;M;8225
2015/2016;13;COMO;F;6697
2015/2016;13;COMO;M;5273
2015/2016;14;SONDRIO;F;1775
2015/2016;14;SONDRIO;M;1277
2015/2016;15;MILANO;F;39676
2015/2016;15;MILANO;M;34054
2015/2016;16;BERGAMO;F;13245
2015/2016;16;BERGAMO;M;9976
2015/2016;17;BRESCIA;F;13924
2015/2016;17;BRESCIA;M;11116
2015/2016;18;PAVIA;F;6241
2015/2016;18;PAVIA;M;5105
2015/2016;19;CREMONA;F;4032
2015/2016;19;CREMONA;M;3264
2015/2016;20;MANTOVA;F;4149
2015/2016;20;MANTOVA;M;3092
2015/2016;21;BOLZANO;F;3256
2015/2016;21;BOLZANO;M;2102
2015/2016;22;TRENTO;F;7481
2015/2016;22;TRENTO;M;5592
2015/2016;23;VERONA;F;11730
2015/2016;23;VERONA;M;9914
2015/2016;24;VICENZA;F;10916
2015/2016;24;VICENZA;M;8731
2015/2016;25;BELLUNO;F;2503
2015/2016;25;BELLUNO;M;1876
2015/2016;26;TREVISO;F;10640
2015/2016;26;TREVISO;M;9154
2015/2016;27;VENEZIA;F;9704
2015/2016;27;VENEZIA;M;8330
2015/2016;28;PADOVA;F;13419
2015/2016;28;PADOVA;M;11158
2015/2016;29;ROVIGO;F;2811
2015/2016;29;ROVIGO;M;2222
2015/2016;30;UDINE;F;6574
2015/2016;30;UDINE;M;5424
2015/2016;31;GORIZIA;F;1630
2015/2016;31;GORIZIA;M;1369
2015/2016;32;TRIESTE;F;3118
2015/2016;32;TRIESTE;M;2625
2015/2016;33;PIACENZA;F;3280
2015/2016;33;PIACENZA;M;2538
2015/2016;34;PARMA;F;5876
2015/2016;34;PARMA;M;4884
2015/2016;35;REGGIO EMILIA;F;5921
2015/2016;35;REGGIO EMILIA;M;4526
2015/2016;36;MODENA;F;8277
2015/2016;36;MODENA;M;6960
2015/2016;37;BOLOGNA;F;13262
2015/2016;37;BOLOGNA;M;10982
2015/2016;38;FERRARA;F;3965
2015/2016;38;FERRARA;M;3356
2015/2016;39;RAVENNA;F;4082
2015/2016;39;RAVENNA;M;3166
2015/2016;40;FORLI'-CESENA;F;4664
2015/2016;40;FORLI'-CESENA;M;3490
2015/2016;41;PESARO E URBINO;F;5010
2015/2016;41;PESARO E URBINO;M;3944
2015/2016;42;ANCONA;F;7302
2015/2016;42;ANCONA;M;6008
2015/2016;43;MACERATA;F;5023
2015/2016;43;MACERATA;M;3746
2015/2016;44;ASCOLI PICENO;F;3723
2015/2016;44;ASCOLI PICENO;M;3012
2015/2016;45;MASSA CARRARA;F;2709
2015/2016;45;MASSA CARRARA;M;2146
2015/2016;46;LUCCA;F;5259
2015/2016;46;LUCCA;M;4201
2015/2016;47;PISTOIA;F;3609
2015/2016;47;PISTOIA;M;2848
2015/2016;48;FIRENZE;F;14233
2015/2016;48;FIRENZE;M;11755
2015/2016;49;LIVORNO;F;4146
2015/2016;49;LIVORNO;M;3420
2015/2016;50;PISA;F;7060
2015/2016;50;PISA;M;5572
2015/2016;51;AREZZO;F;4660
2015/2016;51;AREZZO;M;3568
2015/2016;52;SIENA;F;3804
2015/2016;52;SIENA;M;3112
2015/2016;53;GROSSETO;F;2524
2015/2016;53;GROSSETO;M;2075
2015/2016;54;PERUGIA;F;9595
2015/2016;54;PERUGIA;M;7549
2015/2016;55;TERNI;F;3044
2015/2016;55;TERNI;M;2440
2015/2016;56;VITERBO;F;4546
2015/2016;56;VITERBO;M;3681
2015/2016;57;RIETI;F;2815
2015/2016;57;RIETI;M;2075
2015/2016;58;ROMA;F;74712
2015/2016;58;ROMA;M;61942
2015/2016;59;LATINA;F;9741
2015/2016;59;LATINA;M;7404
2015/2016;60;FROSINONE;F;9195
2015/2016;60;FROSINONE;M;6653
2015/2016;61;CASERTA;F;19929
2015/2016;61;CASERTA;M;14227
2015/2016;62;BENEVENTO;F;6227
2015/2016;62;BENEVENTO;M;4768
2015/2016;63;NAPOLI;F;58200
2015/2016;63;NAPOLI;M;45848
2015/2016;64;AVELLINO;F;9858
2015/2016;64;AVELLINO;M;7403
2015/2016;65;SALERNO;F;23951
2015/2016;65;SALERNO;M;17962
2015/2016;66;L'AQUILA;F;6708
2015/2016;66;L'AQUILA;M;5018
2015/2016;67;TERAMO;F;5831
2015/2016;67;TERAMO;M;4269
2015/2016;68;PESCARA;F;5703
2015/2016;68;PESCARA;M;4403
2015/2016;69;CHIETI;F;7261
2015/2016;69;CHIETI;M;5425
2015/2016;70;CAMPOBASSO;F;4698
2015/2016;70;CAMPOBASSO;M;3470
2015/2016;71;FOGGIA;F;11288
2015/2016;71;FOGGIA;M;8534
2015/2016;72;BARI;F;22310
2015/2016;72;BARI;M;17779
2015/2016;73;TARANTO;F;9473
2015/2016;73;TARANTO;M;7316
2015/2016;74;BRINDISI;F;6589
2015/2016;74;BRINDISI;M;4775
2015/2016;75;LECCE;F;15011
2015/2016;75;LECCE;M;11367
2015/2016;76;POTENZA;F;8691
2015/2016;76;POTENZA;M;6156
2015/2016;77;MATERA;F;4165
2015/2016;77;MATERA;M;3050
2015/2016;78;COSENZA;F;15411
2015/2016;78;COSENZA;M;11047
2015/2016;79;CATANZARO;F;7804
2015/2016;79;CATANZARO;M;5952
2015/2016;80;REGGIO CALABRIA;F;12448
2015/2016;80;REGGIO CALABRIA;M;8672
2015/2016;81;TRAPANI;F;7032
2015/2016;81;TRAPANI;M;5109
2015/2016;82;PALERMO;F;19341
2015/2016;82;PALERMO;M;15404
2015/2016;83;MESSINA;F;11749
2015/2016;83;MESSINA;M;8771
2015/2016;84;AGRIGENTO;F;7887
2015/2016;84;AGRIGENTO;M;5811
2015/2016;85;CALTANISSETTA;F;5138
2015/2016;85;CALTANISSETTA;M;3757
2015/2016;86;ENNA;F;3326
2015/2016;86;ENNA;M;2235
2015/2016;87;CATANIA;F;20574
2015/2016;87;CATANIA;M;15222
2015/2016;88;RAGUSA;F;5073
2015/2016;88;RAGUSA;M;3747
2015/2016;89;SIRACUSA;F;6622
2015/2016;89;SIRACUSA;M;4991
2015/2016;90;SASSARI;F;7560
2015/2016;90;SASSARI;M;5391
2015/2016;91;NUORO;F;4184
2015/2016;91;NUORO;M;2629
2015/2016;92;CAGLIARI;F;7916
2015/2016;92;CAGLIARI;M;5956
2015/2016;93;PORDENONE;F;3647
2015/2016;93;PORDENONE;M;3036
2015/2016;94;ISERNIA;F;1809
2015/2016;94;ISERNIA;M;1399
2015/2016;95;ORISTANO;F;2672
2015/2016;95;ORISTANO;M;1870
2015/2016;96;BIELLA;F;1831
2015/2016;96;BIELLA;M;1478
2015/2016;97;LECCO;F;4046
2015/2016;97;LECCO;M;3505
2015/2016;98;LODI;F;2584
2015/2016;98;LODI;M;1948
2015/2016;99;RIMINI;F;4030
2015/2016;99;RIMINI;M;3234
2015/2016;100;PRATO;F;2945
2015/2016;100;PRATO;M;2352
2015/2016;101;CROTONE;F;3407
2015/2016;101;CROTONE;M;2566
2015/2016;102;VIBO VALENTIA;F;3570
2015/2016;102;VIBO VALENTIA;M;2460
2015/2016;103;VERBANO CUSIO OSSOLA;F;1483
2015/2016;103;VERBANO CUSIO OSSOLA;M;1168
2015/2016;108;MONZA E BRIANZA;F;10515
2015/2016;108;MONZA E BRIANZA;M;8539
2015/2016;109;FERMO;F;2743
2015/2016;109;FERMO;M;2032
2015/2016;110;BARLETTA - ANDRIA - TRANI;F;6419
2015/2016;110;BARLETTA - ANDRIA - TRANI;M;4878
2015/2016;111;SUD SARDEGNA;F;5465
2015/2016;111;SUD SARDEGNA;M;3303
2015/2016;998;PROVINCIA ESTERA;F;11722
2015/2016;998;PROVINCIA ESTERA;M;11763
2015/2016;999;PROVINCIA NON DEFINITA;F;119
2015/2016;999;PROVINCIA NON DEFINITA;M;95
2014/2015;1;TORINO;F;30835
2014/2015;1;TORINO;M;25699
2014/2015;2;VERCELLI;F;2092
2014/2015;2;VERCELLI;M;1574
2014/2015;3;NOVARA;F;4241
2014/2015;3;NOVARA;M;3120
2014/2015;4;CUNEO;F;6331
2014/2015;4;CUNEO;M;4523
2014/2015;5;ASTI;F;2343
2014/2015;5;ASTI;M;1830
2014/2015;6;ALESSANDRIA;F;4860
2014/2015;6;ALESSANDRIA;M;3735
2014/2015;7;AOSTA;F;1672
2014/2015;7;AOSTA;M;1186
2014/2015;8;IMPERIA;F;2109
2014/2015;8;IMPERIA;M;1689
2014/2015;9;SAVONA;F;3230
2014/2015;9;SAVONA;M;2490
2014/2015;10;GENOVA;F;11964
2014/2015;10;GENOVA;M;9634
2014/2015;11;LA SPEZIA;F;2759
2014/2015;11;LA SPEZIA;M;2314
2014/2015;12;VARESE;F;9919
2014/2015;12;VARESE;M;8108
2014/2015;13;COMO;F;6726
2014/2015;13;COMO;M;5282
2014/2015;14;SONDRIO;F;1768
2014/2015;14;SONDRIO;M;1318
2014/2015;15;MILANO;F;39571
2014/2015;15;MILANO;M;33551
2014/2015;16;BERGAMO;F;13007
2014/2015;16;BERGAMO;M;9782
2014/2015;17;BRESCIA;F;13826
2014/2015;17;BRESCIA;M;10990
2014/2015;18;PAVIA;F;6324
2014/2015;18;PAVIA;M;5164
2014/2015;19;CREMONA;F;4064
2014/2015;19;CREMONA;M;3231
2014/2015;20;MANTOVA;F;4129
2014/2015;20;MANTOVA;M;3031
2014/2015;21;BOLZANO;F;3194
2014/2015;21;BOLZANO;M;2155
2014/2015;22;TRENTO;F;7588
2014/2015;22;TRENTO;M;5677
2014/2015;23;VERONA;F;11623
2014/2015;23;VERONA;M;9734
2014/2015;24;VICENZA;F;10812
2014/2015;24;VICENZA;M;8731
2014/2015;25;BELLUNO;F;2473
2014/2015;25;BELLUNO;M;1890
2014/2015;26;TREVISO;F;10644
2014/2015;26;TREVISO;M;8989
2014/2015;27;VENEZIA;F;9663
2014/2015;27;VENEZIA;M;8366
2014/2015;28;PADOVA;F;13533
2014/2015;28;PADOVA;M;11077
2014/2015;29;ROVIGO;F;2839
2014/2015;29;ROVIGO;M;2159
2014/2015;30;UDINE;F;6557
2014/2015;30;UDINE;M;5310
2014/2015;31;GORIZIA;F;1655
2014/2015;31;GORIZIA;M;1349
2014/2015;32;TRIESTE;F;3176
2014/2015;32;TRIESTE;M;2738
2014/2015;33;PIACENZA;F;3305
2014/2015;33;PIACENZA;M;2559
2014/2015;34;PARMA;F;5831
2014/2015;34;PARMA;M;4665
2014/2015;35;REGGIO EMILIA;F;5825
2014/2015;35;REGGIO EMILIA;M;4356
2014/2015;36;MODENA;F;8144
2014/2015;36;MODENA;M;6843
2014/2015;37;BOLOGNA;F;13100
2014/2015;37;BOLOGNA;M;10745
2014/2015;38;FERRARA;F;3969
2014/2015;38;FERRARA;M;3304
2014/2015;39;RAVENNA;F;4046
2014/2015;39;RAVENNA;M;3047
2014/2015;40;FORLI'-CESENA;F;4699
2014/2015;40;FORLI'-CESENA;M;3476
2014/2015;41;PESARO E URBINO;F;5117
2014/2015;41;PESARO E URBINO;M;3927
2014/2015;42;ANCONA;F;7328
2014/2015;42;ANCONA;M;6073
2014/2015;43;MACERATA;F;5108
2014/2015;43;MACERATA;M;3794
2014/2015;44;ASCOLI PICENO;F;3826
2014/2015;44;ASCOLI PICENO;M;3083
2014/2015;45;MASSA CARRARA;F;2784
2014/2015;45;MASSA CARRARA;M;2137
2014/2015;46;LUCCA;F;5266
2014/2015;46;LUCCA;M;4193
2014/2015;47;PISTOIA;F;3564
2014/2015;47;PISTOIA;M;2890
2014/2015;48;FIRENZE;F;14568
2014/2015;48;FIRENZE;M;11869
2014/2015;49;LIVORNO;F;4197
2014/2015;49;LIVORNO;M;3428
2014/2015;50;PISA;F;7128
2014/2015;50;PISA;M;5703
2014/2015;51;AREZZO;F;4678
2014/2015;51;AREZZO;M;3497
2014/2015;52;SIENA;F;3872
2014/2015;52;SIENA;M;3104
2014/2015;53;GROSSETO;F;2625
2014/2015;53;GROSSETO;M;2104
2014/2015;54;PERUGIA;F;9842
2014/2015;54;PERUGIA;M;7438
2014/2015;55;TERNI;F;3100
2014/2015;55;TERNI;M;2476
2014/2015;56;VITERBO;F;4751
2014/2015;56;VITERBO;M;3759
2014/2015;57;RIETI;F;2900
2014/2015;57;RIETI;M;2053
2014/2015;58;ROMA;F;75072
2014/2015;58;ROMA;M;61625
2014/2015;59;LATINA;F;9773
2014/2015;59;LATINA;M;7426
2014/2015;60;FROSINONE;F;9473
2014/2015;60;FROSINONE;M;6921
2014/2015;61;CASERTA;F;20342
2014/2015;61;CASERTA;M;14309
2014/2015;62;BENEVENTO;F;6410
2014/2015;62;BENEVENTO;M;4817
2014/2015;63;NAPOLI;F;59526
2014/2015;63;NAPOLI;M;46040
2014/2015;64;AVELLINO;F;10103
2014/2015;64;AVELLINO;M;7434
2014/2015;65;SALERNO;F;24566
2014/2015;65;SALERNO;M;18286
2014/2015;66;L'AQUILA;F;7159
2014/2015;66;L'AQUILA;M;5429
2014/2015;67;TERAMO;F;6158
2014/2015;67;TERAMO;M;4390
2014/2015;68;PESCARA;F;5978
2014/2015;68;PESCARA;M;4462
2014/2015;69;CHIETI;F;7493
2014/2015;69;CHIETI;M;5538
2014/2015;70;CAMPOBASSO;F;4749
2014/2015;70;CAMPOBASSO;M;3456
2014/2015;71;FOGGIA;F;11616
2014/2015;71;FOGGIA;M;8575
2014/2015;72;BARI;F;22941
2014/2015;72;BARI;M;17966
2014/2015;73;TARANTO;F;9868
2014/2015;73;TARANTO;M;7325
2014/2015;74;BRINDISI;F;6841
2014/2015;74;BRINDISI;M;4751
2014/2015;75;LECCE;F;15412
2014/2015;75;LECCE;M;11453
2014/2015;76;POTENZA;F;9083
2014/2015;76;POTENZA;M;6247
2014/2015;77;MATERA;F;4347
2014/2015;77;MATERA;M;3181
2014/2015;78;COSENZA;F;16366
2014/2015;78;COSENZA;M;11402
2014/2015;79;CATANZARO;F;8206
2014/2015;79;CATANZARO;M;6050
2014/2015;80;REGGIO CALABRIA;F;12812
2014/2015;80;REGGIO CALABRIA;M;8834
2014/2015;81;TRAPANI;F;7117
2014/2015;81;TRAPANI;M;5227
2014/2015;82;PALERMO;F;19809
2014/2015;82;PALERMO;M;15664
2014/2015;83;MESSINA;F;12339
2014/2015;83;MESSINA;M;8967
2014/2015;84;AGRIGENTO;F;8114
2014/2015;84;AGRIGENTO;M;5864
2014/2015;85;CALTANISSETTA;F;5279
2014/2015;85;CALTANISSETTA;M;3751
2014/2015;86;ENNA;F;3413
2014/2015;86;ENNA;M;2293
2014/2015;87;CATANIA;F;20893
2014/2015;87;CATANIA;M;15056
2014/2015;88;RAGUSA;F;5157
2014/2015;88;RAGUSA;M;3777
2014/2015;89;SIRACUSA;F;6944
2014/2015;89;SIRACUSA;M;5031
2014/2015;90;SASSARI;F;7809
2014/2015;90;SASSARI;M;5311
2014/2015;91;NUORO;F;4322
2014/2015;91;NUORO;M;2658
2014/2015;92;CAGLIARI;F;8029
2014/2015;92;CAGLIARI;M;5962
2014/2015;93;PORDENONE;F;3632
2014/2015;93;PORDENONE;M;2963
2014/2015;94;ISERNIA;F;1939
2014/2015;94;ISERNIA;M;1445
2014/2015;95;ORISTANO;F;2822
2014/2015;95;ORISTANO;M;1924
2014/2015;96;BIELLA;F;1869
2014/2015;96;BIELLA;M;1481
2014/2015;97;LECCO;F;4027
2014/2015;97;LECCO;M;3479
2014/2015;98;LODI;F;2642
2014/2015;98;LODI;M;1971
2014/2015;99;RIMINI;F;4119
2014/2015;99;RIMINI;M;3257
2014/2015;100;PRATO;F;3047
2014/2015;100;PRATO;M;2367
2014/2015;101;CROTONE;F;3542
2014/2015;101;CROTONE;M;2532
2014/2015;102;VIBO VALENTIA;F;3661
2014/2015;102;VIBO VALENTIA;M;2544
2014/2015;103;VERBANO CUSIO OSSOLA;F;1433
2014/2015;103;VERBANO CUSIO OSSOLA;M;1176
2014/2015;108;MONZA E BRIANZA;F;10435
2014/2015;108;MONZA E BRIANZA;M;8501
2014/2015;109;FERMO;F;2781
2014/2015;109;FERMO;M;2008
2014/2015;110;BARLETTA - ANDRIA - TRANI;F;6574
2014/2015;110;BARLETTA - ANDRIA - TRANI;M;4849
2014/2015;111;SUD SARDEGNA;F;5543
2014/2015;111;SUD SARDEGNA;M;3248
2014/2015;998;PROVINCIA ESTERA;F;11327
2014/2015;998;PROVINCIA ESTERA;M;11224
2014/2015;999;PROVINCIA NON DEFINITA;F;158
2014/2015;999;PROVINCIA NON DEFINITA;M;115
2013/2014;1;TORINO;F;31119
2013/2014;1;TORINO;M;25722
2013/2014;2;VERCELLI;F;2084
2013/2014;2;VERCELLI;M;1616
2013/2014;3;NOVARA;F;4174
2013/2014;3;NOVARA;M;3109
2013/2014;4;CUNEO;F;6426
2013/2014;4;CUNEO;M;4542
2013/2014;5;ASTI;F;2329
2013/2014;5;ASTI;M;1865
2013/2014;6;ALESSANDRIA;F;4803
2013/2014;6;ALESSANDRIA;M;3717
2013/2014;7;AOSTA;F;1751
2013/2014;7;AOSTA;M;1195
2013/2014;8;IMPERIA;F;2109
2013/2014;8;IMPERIA;M;1695
2013/2014;9;SAVONA;F;3204
2013/2014;9;SAVONA;M;2496
2013/2014;10;GENOVA;F;12042
2013/2014;10;GENOVA;M;9605
2013/2014;11;LA SPEZIA;F;2771
2013/2014;11;LA SPEZIA;M;2305
2013/2014;12;VARESE;F;10031
2013/2014;12;VARESE;M;8090
2013/2014;13;COMO;F;6727
2013/2014;13;COMO;M;5307
2013/2014;14;SONDRIO;F;1757
2013/2014;14;SONDRIO;M;1315
2013/2014;15;MILANO;F;40035
2013/2014;15;MILANO;M;33422
2013/2014;16;BERGAMO;F;12987
2013/2014;16;BERGAMO;M;9698
2013/2014;17;BRESCIA;F;13727
2013/2014;17;BRESCIA;M;10987
2013/2014;18;PAVIA;F;6417
2013/2014;18;PAVIA;M;5226
2013/2014;19;CREMONA;F;4154
2013/2014;19;CREMONA;M;3246
2013/2014;20;MANTOVA;F;4178
2013/2014;20;MANTOVA;M;3094
2013/2014;21;BOLZANO;F;3313
2013/2014;21;BOLZANO;M;2179
2013/2014;22;TRENTO;F;7785
2013/2014;22;TRENTO;M;5845
2013/2014;23;VERONA;F;11679
2013/2014;23;VERONA;M;9642
2013/2014;24;VICENZA;F;10908
2013/2014;24;VICENZA;M;8694
2013/2014;25;BELLUNO;F;2594
2013/2014;25;BELLUNO;M;1960
2013/2014;26;TREVISO;F;10798
2013/2014;26;TREVISO;M;8860
2013/2014;27;VENEZIA;F;10036
2013/2014;27;VENEZIA;M;8296
2013/2014;28;PADOVA;F;13766
2013/2014;28;PADOVA;M;11116
2013/2014;29;ROVIGO;F;2982
2013/2014;29;ROVIGO;M;2183
2013/2014;30;UDINE;F;6693
2013/2014;30;UDINE;M;5306
2013/2014;31;GORIZIA;F;1663
2013/2014;31;GORIZIA;M;1384
2013/2014;32;TRIESTE;F;3298
2013/2014;32;TRIESTE;M;2879
2013/2014;33;PIACENZA;F;3340
2013/2014;33;PIACENZA;M;2618
2013/2014;34;PARMA;F;5971
2013/2014;34;PARMA;M;4763
2013/2014;35;REGGIO EMILIA;F;5850
2013/2014;35;REGGIO EMILIA;M;4405
2013/2014;36;MODENA;F;8305
2013/2014;36;MODENA;M;6974
2013/2014;37;BOLOGNA;F;13428
2013/2014;37;BOLOGNA;M;10926
2013/2014;38;FERRARA;F;4107
2013/2014;38;FERRARA;M;3362
2013/2014;39;RAVENNA;F;4177
2013/2014;39;RAVENNA;M;3085
2013/2014;40;FORLI'-CESENA;F;4806
2013/2014;40;FORLI'-CESENA;M;3560
2013/2014;41;PESARO E URBINO;F;5146
2013/2014;41;PESARO E URBINO;M;3908
2013/2014;42;ANCONA;F;7392
2013/2014;42;ANCONA;M;6129
2013/2014;43;MACERATA;F;5152
2013/2014;43;MACERATA;M;3776
2013/2014;44;ASCOLI PICENO;F;3979
2013/2014;44;ASCOLI PICENO;M;3192
2013/2014;45;MASSA CARRARA;F;2718
2013/2014;45;MASSA CARRARA;M;2151
2013/2014;46;LUCCA;F;5315
2013/2014;46;LUCCA;M;4094
2013/2014;47;PISTOIA;F;3561
2013/2014;47;PISTOIA;M;2846
2013/2014;48;FIRENZE;F;14553
2013/2014;48;FIRENZE;M;11813
2013/2014;49;LIVORNO;F;4176
2013/2014;49;LIVORNO;M;3392
2013/2014;50;PISA;F;7272
2013/2014;50;PISA;M;5717
2013/2014;51;AREZZO;F;4710
2013/2014;51;AREZZO;M;3571
2013/2014;52;SIENA;F;3833
2013/2014;52;SIENA;M;3047
2013/2014;53;GROSSETO;F;2558
2013/2014;53;GROSSETO;M;2097
2013/2014;54;PERUGIA;F;9704
2013/2014;54;PERUGIA;M;7450
2013/2014;55;TERNI;F;3115
2013/2014;55;TERNI;M;2439
2013/2014;56;VITERBO;F;4819
2013/2014;56;VITERBO;M;3845
2013/2014;57;RIETI;F;2969
2013/2014;57;RIETI;M;2112
2013/2014;58;ROMA;F;75589
2013/2014;58;ROMA;M;61439
2013/2014;59;LATINA;F;9895
2013/2014;59;LATINA;M;7465
2013/2014;60;FROSINONE;F;9919
2013/2014;60;FROSINONE;M;7098
2013/2014;61;CASERTA;F;20574
2013/2014;61;CASERTA;M;14524
2013/2014;62;BENEVENTO;F;6683
2013/2014;62;BENEVENTO;M;4835
2013/2014;63;NAPOLI;F;60423
2013/2014;63;NAPOLI;M;46400
2013/2014;64;AVELLINO;F;10464
2013/2014;64;AVELLINO;M;7578
2013/2014;65;SALERNO;F;25139
2013/2014;65;SALERNO;M;18575
2013/2014;66;L'AQUILA;F;7694
2013/2014;66;L'AQUILA;M;5879
2013/2014;67;TERAMO;F;6452
2013/2014;67;TERAMO;M;4520
2013/2014;68;PESCARA;F;6289
2013/2014;68;PESCARA;M;4599
2013/2014;69;CHIETI;F;7723
2013/2014;69;CHIETI;M;5758
2013/2014;70;CAMPOBASSO;F;4891
2013/2014;70;CAMPOBASSO;M;3588
2013/2014;71;FOGGIA;F;11858
2013/2014;71;FOGGIA;M;8673
2013/2014;72;BARI;F;23526
2013/2014;72;BARI;M;18006
2013/2014;73;TARANTO;F;10162
2013/2014;73;TARANTO;M;7386
2013/2014;74;BRINDISI;F;7057
2013/2014;74;BRINDISI;M;4878
2013/2014;75;LECCE;F;15821
2013/2014;75;LECCE;M;11449
2013/2014;76;POTENZA;F;9370
2013/2014;76;POTENZA;M;6483
2013/2014;77;MATERA;F;4400
2013/2014;77;MATERA;M;3244
2013/2014;78;COSENZA;F;17117
2013/2014;78;COSENZA;M;11861
2013/2014;79;CATANZARO;F;8390
2013/2014;79;CATANZARO;M;6231
2013/2014;80;REGGIO CALABRIA;F;13116
2013/2014;80;REGGIO CALABRIA;M;9266
2013/2014;81;TRAPANI;F;7267
2013/2014;81;TRAPANI;M;5278
2013/2014;82;PALERMO;F;20236
2013/2014;82;PALERMO;M;15841
2013/2014;83;MESSINA;F;12766
2013/2014;83;MESSINA;M;9043
2013/2014;84;AGRIGENTO;F;8327
2013/2014;84;AGRIGENTO;M;6046
2013/2014;85;CALTANISSETTA;F;5352
2013/2014;85;CALTANISSETTA;M;3788
2013/2014;86;ENNA;F;3582
2013/2014;86;ENNA;M;2355
2013/2014;87;CATANIA;F;22012
2013/2014;87;CATANIA;M;15534
2013/2014;88;RAGUSA;F;5371
2013/2014;88;RAGUSA;M;3881
2013/2014;89;SIRACUSA;F;7226
2013/2014;89;SIRACUSA;M;5256
2013/2014;90;SASSARI;F;8114
2013/2014;90;SASSARI;M;5419
2013/2014;91;NUORO;F;4414
2013/2014;91;NUORO;M;2705
2013/2014;92;CAGLIARI;F;8324
2013/2014;92;CAGLIARI;M;6048
2013/2014;93;PORDENONE;F;3693
2013/2014;93;PORDENONE;M;2971
2013/2014;94;ISERNIA;F;2045
2013/2014;94;ISERNIA;M;1499
2013/2014;95;ORISTANO;F;2919
2013/2014;95;ORISTANO;M;1969
2013/2014;96;BIELLA;F;1908
2013/2014;96;BIELLA;M;1480
2013/2014;97;LECCO;F;4080
2013/2014;97;LECCO;M;3436
2013/2014;98;LODI;F;2668
2013/2014;98;LODI;M;1942
2013/2014;99;RIMINI;F;4250
2013/2014;99;RIMINI;M;3297
2013/2014;100;PRATO;F;3009
2013/2014;100;PRATO;M;2409
2013/2014;101;CROTONE;F;3604
2013/2014;101;CROTONE;M;2537
2013/2014;102;VIBO VALENTIA;F;3809
2013/2014;102;VIBO VALENTIA;M;2617
2013/2014;103;VERBANO CUSIO OSSOLA;F;1424
2013/2014;103;VERBANO CUSIO OSSOLA;M;1183
2013/2014;108;MONZA E BRIANZA;F;10276
2013/2014;108;MONZA E BRIANZA;M;8471
2013/2014;109;FERMO;F;2803
2013/2014;109;FERMO;M;2033
2013/2014;110;BARLETTA - ANDRIA - TRANI;F;6653
2013/2014;110;BARLETTA - ANDRIA - TRANI;M;4927
2013/2014;111;SUD SARDEGNA;F;5806
2013/2014;111;SUD SARDEGNA;M;3432
2013/2014;998;PROVINCIA ESTERA;F;11142
2013/2014;998;PROVINCIA ESTERA;M;10941
2013/2014;999;PROVINCIA NON DEFINITA;F;234
2013/2014;999;PROVINCIA NON DEFINITA;M;234
2012/2013;1;TORINO;F;31565
2012/2013;1;TORINO;M;25649
2012/2013;2;VERCELLI;F;2092
2012/2013;2;VERCELLI;M;1629
2012/2013;3;NOVARA;F;4226
2012/2013;3;NOVARA;M;3139
2012/2013;4;CUNEO;F;6484
2012/2013;4;CUNEO;M;4664
2012/2013;5;ASTI;F;2343
2012/2013;5;ASTI;M;1866
2012/2013;6;ALESSANDRIA;F;4857
2012/2013;6;ALESSANDRIA;M;3727
2012/2013;7;AOSTA;F;1835
2012/2013;7;AOSTA;M;1279
2012/2013;8;IMPERIA;F;2181
2012/2013;8;IMPERIA;M;1669
2012/2013;9;SAVONA;F;3239
2012/2013;9;SAVONA;M;2527
2012/2013;10;GENOVA;F;12324
2012/2013;10;GENOVA;M;9768
2012/2013;11;LA SPEZIA;F;2871
2012/2013;11;LA SPEZIA;M;2305
2012/2013;12;VARESE;F;10193
2012/2013;12;VARESE;M;8228
2012/2013;13;COMO;F;6897
2012/2013;13;COMO;M;5367
2012/2013;14;SONDRIO;F;1791
2012/2013;14;SONDRIO;M;1351
2012/2013;15;MILANO;F;40620
2012/2013;15;MILANO;M;33697
2012/2013;16;BERGAMO;F;13123
2012/2013;16;BERGAMO;M;9804
2012/2013;17;BRESCIA;F;13814
2012/2013;17;BRESCIA;M;10863
2012/2013;18;PAVIA;F;6658
2012/2013;18;PAVIA;M;5246
2012/2013;19;CREMONA;F;4124
2012/2013;19;CREMONA;M;3253
2012/2013;20;MANTOVA;F;4165
2012/2013;20;MANTOVA;M;3103
2012/2013;21;BOLZANO;F;3509
2012/2013;21;BOLZANO;M;2276
2012/2013;22;TRENTO;F;7999
2012/2013;22;TRENTO;M;6015
2012/2013;23;VERONA;F;12021
2012/2013;23;VERONA;M;9822
2012/2013;24;VICENZA;F;11128
2012/2013;24;VICENZA;M;8663
2012/2013;25;BELLUNO;F;2698
2012/2013;25;BELLUNO;M;1981
2012/2013;26;TREVISO;F;10996
2012/2013;26;TREVISO;M;8845
2012/2013;27;VENEZIA;F;10394
2012/2013;27;VENEZIA;M;8380
2012/2013;28;PADOVA;F;14217
2012/2013;28;PADOVA;M;11297
2012/2013;29;ROVIGO;F;3171
2012/2013;29;ROVIGO;M;2241
2012/2013;30;UDINE;F;6863
2012/2013;30;UDINE;M;5382
2012/2013;31;GORIZIA;F;1702
2012/2013;31;GORIZIA;M;1381
2012/2013;32;TRIESTE;F;3348
2012/2013;32;TRIESTE;M;2967
2012/2013;33;PIACENZA;F;3454
2012/2013;33;PIACENZA;M;2623
2012/2013;34;PARMA;F;6090
2012/2013;34;PARMA;M;4879
2012/2013;35;REGGIO EMILIA;F;5744
2012/2013;35;REGGIO EMILIA;M;4284
2012/2013;36;MODENA;F;8283
2012/2013;36;MODENA;M;7003
2012/2013;37;BOLOGNA;F;13788
2012/2013;37;BOLOGNA;M;11106
2012/2013;38;FERRARA;F;4380
2012/2013;38;FERRARA;M;3492
2012/2013;39;RAVENNA;F;4238
2012/2013;39;RAVENNA;M;3086
2012/2013;40;FORLI'-CESENA;F;4966
2012/2013;40;FORLI'-CESENA;M;3586
2012/2013;41;PESARO E URBINO;F;5323
2012/2013;41;PESARO E URBINO;M;4026
2012/2013;42;ANCONA;F;7612
2012/2013;42;ANCONA;M;6238
2012/2013;43;MACERATA;F;5355
2012/2013;43;MACERATA;M;3773
2012/2013;44;ASCOLI PICENO;F;4155
2012/2013;44;ASCOLI PICENO;M;3218
2012/2013;45;MASSA CARRARA;F;2760
2012/2013;45;MASSA CARRARA;M;2184
2012/2013;46;LUCCA;F;5237
2012/2013;46;LUCCA;M;4109
2012/2013;47;PISTOIA;F;3643
2012/2013;47;PISTOIA;M;2879
2012/2013;48;FIRENZE;F;15002
2012/2013;48;FIRENZE;M;11917
2012/2013;49;LIVORNO;F;4306
2012/2013;49;LIVORNO;M;3432
2012/2013;50;PISA;F;7368
2012/2013;50;PISA;M;5756
2012/2013;51;AREZZO;F;4850
2012/2013;51;AREZZO;M;3645
2012/2013;52;SIENA;F;3871
2012/2013;52;SIENA;M;3049
2012/2013;53;GROSSETO;F;2611
2012/2013;53;GROSSETO;M;2150
2012/2013;54;PERUGIA;F;10067
2012/2013;54;PERUGIA;M;7634
2012/2013;55;TERNI;F;3231
2012/2013;55;TERNI;M;2477
2012/2013;56;VITERBO;F;4882
2012/2013;56;VITERBO;M;3818
2012/2013;57;RIETI;F;3160
2012/2013;57;RIETI;M;2098
2012/2013;58;ROMA;F;78029
2012/2013;58;ROMA;M;62094
2012/2013;59;LATINA;F;10162
2012/2013;59;LATINA;M;7599
2012/2013;60;FROSINONE;F;10460
2012/2013;60;FROSINONE;M;7269
2012/2013;61;CASERTA;F;21127
2012/2013;61;CASERTA;M;14697
2012/2013;62;BENEVENTO;F;6823
2012/2013;62;BENEVENTO;M;4908
2012/2013;63;NAPOLI;F;62024
2012/2013;63;NAPOLI;M;46659
2012/2013;64;AVELLINO;F;10718
2012/2013;64;AVELLINO;M;7682
2012/2013;65;SALERNO;F;26106
2012/2013;65;SALERNO;M;18716
2012/2013;66;L'AQUILA;F;8066
2012/2013;66;L'AQUILA;M;6058
2012/2013;67;TERAMO;F;6524
2012/2013;67;TERAMO;M;4588
2012/2013;68;PESCARA;F;6536
2012/2013;68;PESCARA;M;4758
2012/2013;69;CHIETI;F;8042
2012/2013;69;CHIETI;M;5956
2012/2013;70;CAMPOBASSO;F;4967
2012/2013;70;CAMPOBASSO;M;3598
2012/2013;71;FOGGIA;F;12294
2012/2013;71;FOGGIA;M;8949
2012/2013;72;BARI;F;24367
2012/2013;72;BARI;M;18422
2012/2013;73;TARANTO;F;10573
2012/2013;73;TARANTO;M;7480
2012/2013;74;BRINDISI;F;7415
2012/2013;74;BRINDISI;M;4916
2012/2013;75;LECCE;F;16650
2012/2013;75;LECCE;M;11752
2012/2013;76;POTENZA;F;9690
2012/2013;76;POTENZA;M;6689
2012/2013;77;MATERA;F;4516
2012/2013;77;MATERA;M;3336
2012/2013;78;COSENZA;F;17710
2012/2013;78;COSENZA;M;12303
2012/2013;79;CATANZARO;F;8547
2012/2013;79;CATANZARO;M;6411
2012/2013;80;REGGIO CALABRIA;F;13767
2012/2013;80;REGGIO CALABRIA;M;9727
2012/2013;81;TRAPANI;F;7446
2012/2013;81;TRAPANI;M;5288
2012/2013;82;PALERMO;F;20878
2012/2013;82;PALERMO;M;15850
2012/2013;83;MESSINA;F;13434
2012/2013;83;MESSINA;M;9337
2012/2013;84;AGRIGENTO;F;8580
2012/2013;84;AGRIGENTO;M;6148
2012/2013;85;CALTANISSETTA;F;5540
2012/2013;85;CALTANISSETTA;M;3878
2012/2013;86;ENNA;F;3722
2012/2013;86;ENNA;M;2457
2012/2013;87;CATANIA;F;22734
2012/2013;87;CATANIA;M;15599
2012/2013;88;RAGUSA;F;5549
2012/2013;88;RAGUSA;M;3979
2012/2013;89;SIRACUSA;F;7567
2012/2013;89;SIRACUSA;M;5422
2012/2013;90;SASSARI;F;8486
2012/2013;90;SASSARI;M;5548
2012/2013;91;NUORO;F;4519
2012/2013;91;NUORO;M;2735
2012/2013;92;CAGLIARI;F;8695
2012/2013;92;CAGLIARI;M;6305
2012/2013;93;PORDENONE;F;3869
2012/2013;93;PORDENONE;M;3051
2012/2013;94;ISERNIA;F;2100
2012/2013;94;ISERNIA;M;1538
2012/2013;95;ORISTANO;F;3087
2012/2013;95;ORISTANO;M;1966
2012/2013;96;BIELLA;F;1923
2012/2013;96;BIELLA;M;1486
2012/2013;97;LECCO;F;4142
2012/2013;97;LECCO;M;3402
2012/2013;98;LODI;F;2657
2012/2013;98;LODI;M;1922
2012/2013;99;RIMINI;F;4435
2012/2013;99;RIMINI;M;3377
2012/2013;100;PRATO;F;3075
2012/2013;100;PRATO;M;2405
2012/2013;101;CROTONE;F;3633
2012/2013;101;CROTONE;M;2570
2012/2013;102;VIBO VALENTIA;F;3957
2012/2013;102;VIBO VALENTIA;M;2645
2012/2013;103;VERBANO CUSIO OSSOLA;F;1465
2012/2013;103;VERBANO CUSIO OSSOLA;M;1185
2012/2013;108;MONZA E BRIANZA;F;10456
2012/2013;108;MONZA E BRIANZA;M;8400
2012/2013;109;FERMO;F;2881
2012/2013;109;FERMO;M;2037
2012/2013;110;BARLETTA - ANDRIA - TRANI;F;6630
2012/2013;110;BARLETTA - ANDRIA - TRANI;M;4907
2012/2013;111;SUD SARDEGNA;F;6080
2012/2013;111;SUD SARDEGNA;M;3470
2012/2013;998;PROVINCIA ESTERA;F;10730
2012/2013;998;PROVINCIA ESTERA;M;10335
2012/2013;999;PROVINCIA NON DEFINITA;F;242
2012/2013;999;PROVINCIA NON DEFINITA;M;236
2011/2012;1;TORINO;F;32099
2011/2012;1;TORINO;M;26248
2011/2012;2;VERCELLI;F;2142
2011/2012;2;VERCELLI;M;1648
2011/2012;3;NOVARA;F;4282
2011/2012;3;NOVARA;M;3209
2011/2012;4;CUNEO;F;6709
2011/2012;4;CUNEO;M;4818
2011/2012;5;ASTI;F;2415
2011/2012;5;ASTI;M;1901
2011/2012;6;ALESSANDRIA;F;4881
2011/2012;6;ALESSANDRIA;M;3860
2011/2012;7;AOSTA;F;1883
2011/2012;7;AOSTA;M;1304
2011/2012;8;IMPERIA;F;2332
2011/2012;8;IMPERIA;M;1726
2011/2012;9;SAVONA;F;3404
2011/2012;9;SAVONA;M;2664
2011/2012;10;GENOVA;F;13073
2011/2012;10;GENOVA;M;10202
2011/2012;11;LA SPEZIA;F;2953
2011/2012;11;LA SPEZIA;M;2398
2011/2012;12;VARESE;F;10449
2011/2012;12;VARESE;M;8409
2011/2012;13;COMO;F;7123
2011/2012;13;COMO;M;5548
2011/2012;14;SONDRIO;F;1807
2011/2012;14;SONDRIO;M;1355
2011/2012;15;MILANO;F;41439
2011/2012;15;MILANO;M;34025
2011/2012;16;BERGAMO;F;13325
2011/2012;16;BERGAMO;M;9931
2011/2012;17;BRESCIA;F;14054
2011/2012;17;BRESCIA;M;10895
2011/2012;18;PAVIA;F;6768
2011/2012;18;PAVIA;M;5334
2011/2012;19;CREMONA;F;4157
2011/2012;19;CREMONA;M;3278
2011/2012;20;MANTOVA;F;4169
2011/2012;20;MANTOVA;M;3166
2011/2012;21;BOLZANO;F;3773
2011/2012;21;BOLZANO;M;2378
2011/2012;22;TRENTO;F;8449
2011/2012;22;TRENTO;M;6206
2011/2012;23;VERONA;F;12301
2011/2012;23;VERONA;M;9996
2011/2012;24;VICENZA;F;11242
2011/2012;24;VICENZA;M;8826
2011/2012;25;BELLUNO;F;2764
2011/2012;25;BELLUNO;M;2075
2011/2012;26;TREVISO;F;11248
2011/2012;26;TREVISO;M;8965
2011/2012;27;VENEZIA;F;10669
2011/2012;27;VENEZIA;M;8672
2011/2012;28;PADOVA;F;14659
2011/2012;28;PADOVA;M;11432
2011/2012;29;ROVIGO;F;3330
2011/2012;29;ROVIGO;M;2363
2011/2012;30;UDINE;F;7197
2011/2012;30;UDINE;M;5503
2011/2012;31;GORIZIA;F;1774
2011/2012;31;GORIZIA;M;1504
2011/2012;32;TRIESTE;F;3658
2011/2012;32;TRIESTE;M;3094
2011/2012;33;PIACENZA;F;3493
2011/2012;33;PIACENZA;M;2677
2011/2012;34;PARMA;F;6284
2011/2012;34;PARMA;M;5096
2011/2012;35;REGGIO EMILIA;F;5950
2011/2012;35;REGGIO EMILIA;M;4393
2011/2012;36;MODENA;F;8467
2011/2012;36;MODENA;M;7225
2011/2012;37;BOLOGNA;F;14408
2011/2012;37;BOLOGNA;M;11400
2011/2012;38;FERRARA;F;4616
2011/2012;38;FERRARA;M;3543
2011/2012;39;RAVENNA;F;4369
2011/2012;39;RAVENNA;M;3212
2011/2012;40;FORLI'-CESENA;F;5079
2011/2012;40;FORLI'-CESENA;M;3720
2011/2012;41;PESARO E URBINO;F;5539
2011/2012;41;PESARO E URBINO;M;4090
2011/2012;42;ANCONA;F;7873
2011/2012;42;ANCONA;M;6265
2011/2012;43;MACERATA;F;5579
2011/2012;43;MACERATA;M;3896
2011/2012;44;ASCOLI PICENO;F;4315
2011/2012;44;ASCOLI PICENO;M;3412
2011/2012;45;MASSA CARRARA;F;2942
2011/2012;45;MASSA CARRARA;M;2292
2011/2012;46;LUCCA;F;5462
2011/2012;46;LUCCA;M;4145
2011/2012;47;PISTOIA;F;3755
2011/2012;47;PISTOIA;M;2936
2011/2012;48;FIRENZE;F;15425
2011/2012;48;FIRENZE;M;12231
2011/2012;49;LIVORNO;F;4570
2011/2012;49;LIVORNO;M;3522
2011/2012;50;PISA;F;7585
2011/2012;50;PISA;M;5911
2011/2012;51;AREZZO;F;5090
2011/2012;51;AREZZO;M;3712
2011/2012;52;SIENA;F;4122
2011/2012;52;SIENA;M;3126
2011/2012;53;GROSSETO;F;2662
2011/2012;53;GROSSETO;M;2185
2011/2012;54;PERUGIA;F;10375
2011/2012;54;PERUGIA;M;7773
2011/2012;55;TERNI;F;3379
2011/2012;55;TERNI;M;2593
2011/2012;56;VITERBO;F;5195
2011/2012;56;VITERBO;M;3900
2011/2012;57;RIETI;F;3299
2011/2012;57;RIETI;M;2229
2011/2012;58;ROMA;F;80970
2011/2012;58;ROMA;M;63354
2011/2012;59;LATINA;F;10681
2011/2012;59;LATINA;M;7957
2011/2012;60;FROSINONE;F;11043
2011/2012;60;FROSINONE;M;7584
2011/2012;61;CASERTA;F;21726
2011/2012;61;CASERTA;M;14987
2011/2012;62;BENEVENTO;F;7049
2011/2012;62;BENEVENTO;M;5053
2011/2012;63;NAPOLI;F;63762
2011/2012;63;NAPOLI;M;47856
2011/2012;64;AVELLINO;F;11080
2011/2012;64;AVELLINO;M;7871
2011/2012;65;SALERNO;F;26736
2011/2012;65;SALERNO;M;19167
2011/2012;66;L'AQUILA;F;8535
2011/2012;66;L'AQUILA;M;6340
2011/2012;67;TERAMO;F;6802
2011/2012;67;TERAMO;M;4774
2011/2012;68;PESCARA;F;6978
2011/2012;68;PESCARA;M;5040
2011/2012;69;CHIETI;F;8456
2011/2012;69;CHIETI;M;6261
2011/2012;70;CAMPOBASSO;F;5109
2011/2012;70;CAMPOBASSO;M;3711
2011/2012;71;FOGGIA;F;12933
2011/2012;71;FOGGIA;M;9268
2011/2012;72;BARI;F;25611
2011/2012;72;BARI;M;19155
2011/2012;73;TARANTO;F;10982
2011/2012;73;TARANTO;M;7848
2011/2012;74;BRINDISI;F;7902
2011/2012;74;BRINDISI;M;5168
2011/2012;75;LECCE;F;17422
2011/2012;75;LECCE;M;12147
2011/2012;76;POTENZA;F;9957
2011/2012;76;POTENZA;M;6926
2011/2012;77;MATERA;F;4740
2011/2012;77;MATERA;M;3499
2011/2012;78;COSENZA;F;18520
2011/2012;78;COSENZA;M;12778
2011/2012;79;CATANZARO;F;8904
2011/2012;79;CATANZARO;M;6521
2011/2012;80;REGGIO CALABRIA;F;14222
2011/2012;80;REGGIO CALABRIA;M;10097
2011/2012;81;TRAPANI;F;7676
2011/2012;81;TRAPANI;M;5379
2011/2012;82;PALERMO;F;21512
2011/2012;82;PALERMO;M;16374
2011/2012;83;MESSINA;F;14240
2011/2012;83;MESSINA;M;9926
2011/2012;84;AGRIGENTO;F;8803
2011/2012;84;AGRIGENTO;M;6362
2011/2012;85;CALTANISSETTA;F;5562
2011/2012;85;CALTANISSETTA;M;3923
2011/2012;86;ENNA;F;3810
2011/2012;86;ENNA;M;2558
2011/2012;87;CATANIA;F;22910
2011/2012;87;CATANIA;M;15725
2011/2012;88;RAGUSA;F;5533
2011/2012;88;RAGUSA;M;3985
2011/2012;89;SIRACUSA;F;7779
2011/2012;89;SIRACUSA;M;5554
2011/2012;90;SASSARI;F;8850
2011/2012;90;SASSARI;M;5676
2011/2012;91;NUORO;F;4800
2011/2012;91;NUORO;M;2895
2011/2012;92;CAGLIARI;F;9189
2011/2012;92;CAGLIARI;M;6555
2011/2012;93;PORDENONE;F;3987
2011/2012;93;PORDENONE;M;3096
2011/2012;94;ISERNIA;F;2168
2011/2012;94;ISERNIA;M;1625
2011/2012;95;ORISTANO;F;3244
2011/2012;95;ORISTANO;M;2044
2011/2012;96;BIELLA;F;1939
2011/2012;96;BIELLA;M;1495
2011/2012;97;LECCO;F;4119
2011/2012;97;LECCO;M;3396
2011/2012;98;LODI;F;2748
2011/2012;98;LODI;M;1983
2011/2012;99;RIMINI;F;4530
2011/2012;99;RIMINI;M;3452
2011/2012;100;PRATO;F;3159
2011/2012;100;PRATO;M;2470
2011/2012;101;CROTONE;F;3692
2011/2012;101;CROTONE;M;2625
2011/2012;102;VIBO VALENTIA;F;4023
2011/2012;102;VIBO VALENTIA;M;2752
2011/2012;103;VERBANO CUSIO OSSOLA;F;1562
2011/2012;103;VERBANO CUSIO OSSOLA;M;1215
2011/2012;108;MONZA E BRIANZA;F;10653
2011/2012;108;MONZA E BRIANZA;M;8639
2011/2012;109;FERMO;F;3055
2011/2012;109;FERMO;M;2115
2011/2012;110;BARLETTA - ANDRIA - TRANI;F;6946
2011/2012;110;BARLETTA - ANDRIA - TRANI;M;5035
2011/2012;111;SUD SARDEGNA;F;6516
2011/2012;111;SUD SARDEGNA;M;3661
2011/2012;998;PROVINCIA ESTERA;F;10227
2011/2012;998;PROVINCIA ESTERA;M;9955
2011/2012;999;PROVINCIA NON DEFINITA;F;321
2011/2012;999;PROVINCIA NON DEFINITA;M;274
2010/2011;1;TORINO;F;32681
2010/2011;1;TORINO;M;26473
2010/2011;2;VERCELLI;F;2220
2010/2011;2;VERCELLI;M;1641
2010/2011;3;NOVARA;F;4316
2010/2011;3;NOVARA;M;3249
2010/2011;4;CUNEO;F;6784
2010/2011;4;CUNEO;M;4956
2010/2011;5;ASTI;F;2473
2010/2011;5;ASTI;M;1914
2010/2011;6;ALESSANDRIA;F;4985
2010/2011;6;ALESSANDRIA;M;3914
2010/2011;7;AOSTA;F;1963
2010/2011;7;AOSTA;M;1320
2010/2011;8;IMPERIA;F;2395
2010/2011;8;IMPERIA;M;1773
2010/2011;9;SAVONA;F;3428
2010/2011;9;SAVONA;M;2697
2010/2011;10;GENOVA;F;13528
2010/2011;10;GENOVA;M;10428
2010/2011;11;LA SPEZIA;F;3001
2010/2011;11;LA SPEZIA;M;2511
2010/2011;12;VARESE;F;10592
2010/2011;12;VARESE;M;8539
2010/2011;13;COMO;F;7218
2010/2011;13;COMO;M;5683
2010/2011;14;SONDRIO;F;1876
2010/2011;14;SONDRIO;M;1381
2010/2011;15;MILANO;F;42130
2010/2011;15;MILANO;M;34779
2010/2011;16;BERGAMO;F;13396
2010/2011;16;BERGAMO;M;10040
2010/2011;17;BRESCIA;F;14200
2010/2011;17;BRESCIA;M;11192
2010/2011;18;PAVIA;F;7035
2010/2011;18;PAVIA;M;5582
2010/2011;19;CREMONA;F;4227
2010/2011;19;CREMONA;M;3369
2010/2011;20;MANTOVA;F;4282
2010/2011;20;MANTOVA;M;3256
2010/2011;21;BOLZANO;F;4126
2010/2011;21;BOLZANO;M;2533
2010/2011;22;TRENTO;F;8597
2010/2011;22;TRENTO;M;6363
2010/2011;23;VERONA;F;12548
2010/2011;23;VERONA;M;10111
2010/2011;24;VICENZA;F;11306
2010/2011;24;VICENZA;M;8861
2010/2011;25;BELLUNO;F;2694
2010/2011;25;BELLUNO;M;2161
2010/2011;26;TREVISO;F;11263
2010/2011;26;TREVISO;M;9162
2010/2011;27;VENEZIA;F;10822
2010/2011;27;VENEZIA;M;9014
2010/2011;28;PADOVA;F;14794
2010/2011;28;PADOVA;M;11710
2010/2011;29;ROVIGO;F;3407
2010/2011;29;ROVIGO;M;2411
2010/2011;30;UDINE;F;7368
2010/2011;30;UDINE;M;5749
2010/2011;31;GORIZIA;F;1780
2010/2011;31;GORIZIA;M;1504
2010/2011;32;TRIESTE;F;3857
2010/2011;32;TRIESTE;M;3188
2010/2011;33;PIACENZA;F;3569
2010/2011;33;PIACENZA;M;2784
2010/2011;34;PARMA;F;6418
2010/2011;34;PARMA;M;5228
2010/2011;35;REGGIO EMILIA;F;5944
2010/2011;35;REGGIO EMILIA;M;4372
2010/2011;36;MODENA;F;8522
2010/2011;36;MODENA;M;7174
2010/2011;37;BOLOGNA;F;14659
2010/2011;37;BOLOGNA;M;11483
2010/2011;38;FERRARA;F;4728
2010/2011;38;FERRARA;M;3689
2010/2011;39;RAVENNA;F;4457
2010/2011;39;RAVENNA;M;3290
2010/2011;40;FORLI'-CESENA;F;5133
2010/2011;40;FORLI'-CESENA;M;3801
2010/2011;41;PESARO E URBINO;F;5572
2010/2011;41;PESARO E URBINO;M;4081
2010/2011;42;ANCONA;F;8052
2010/2011;42;ANCONA;M;6426
2010/2011;43;MACERATA;F;5732
2010/2011;43;MACERATA;M;3958
2010/2011;44;ASCOLI PICENO;F;4368
2010/2011;44;ASCOLI PICENO;M;3442
2010/2011;45;MASSA CARRARA;F;3047
2010/2011;45;MASSA CARRARA;M;2397
2010/2011;46;LUCCA;F;5494
2010/2011;46;LUCCA;M;4220
2010/2011;47;PISTOIA;F;3840
2010/2011;47;PISTOIA;M;3027
2010/2011;48;FIRENZE;F;15788
2010/2011;48;FIRENZE;M;12446
2010/2011;49;LIVORNO;F;4614
2010/2011;49;LIVORNO;M;3605
2010/2011;50;PISA;F;7655
2010/2011;50;PISA;M;6021
2010/2011;51;AREZZO;F;5220
2010/2011;51;AREZZO;M;3795
2010/2011;52;SIENA;F;4231
2010/2011;52;SIENA;M;3212
2010/2011;53;GROSSETO;F;2827
2010/2011;53;GROSSETO;M;2256
2010/2011;54;PERUGIA;F;10788
2010/2011;54;PERUGIA;M;7913
2010/2011;55;TERNI;F;3544
2010/2011;55;TERNI;M;2719
2010/2011;56;VITERBO;F;5469
2010/2011;56;VITERBO;M;4164
2010/2011;57;RIETI;F;3399
2010/2011;57;RIETI;M;2326
2010/2011;58;ROMA;F;83420
2010/2011;58;ROMA;M;65895
2010/2011;59;LATINA;F;11080
2010/2011;59;LATINA;M;8320
2010/2011;60;FROSINONE;F;11462
2010/2011;60;FROSINONE;M;7907
2010/2011;61;CASERTA;F;21982
2010/2011;61;CASERTA;M;15628
2010/2011;62;BENEVENTO;F;7284
2010/2011;62;BENEVENTO;M;5243
2010/2011;63;NAPOLI;F;64303
2010/2011;63;NAPOLI;M;48791
2010/2011;64;AVELLINO;F;11204
2010/2011;64;AVELLINO;M;8075
2010/2011;65;SALERNO;F;26865
2010/2011;65;SALERNO;M;19587
2010/2011;66;L'AQUILA;F;8727
2010/2011;66;L'AQUILA;M;6439
2010/2011;67;TERAMO;F;6950
2010/2011;67;TERAMO;M;4889
2010/2011;68;PESCARA;F;7113
2010/2011;68;PESCARA;M;5233
2010/2011;69;CHIETI;F;8710
2010/2011;69;CHIETI;M;6525
2010/2011;70;CAMPOBASSO;F;5201
2010/2011;70;CAMPOBASSO;M;3882
2010/2011;71;FOGGIA;F;13323
2010/2011;71;FOGGIA;M;9640
2010/2011;72;BARI;F;26622
2010/2011;72;BARI;M;19922
2010/2011;73;TARANTO;F;11373
2010/2011;73;TARANTO;M;8086
2010/2011;74;BRINDISI;F;8312
2010/2011;74;BRINDISI;M;5452
2010/2011;75;LECCE;F;18020
2010/2011;75;LECCE;M;12610
2010/2011;76;POTENZA;F;10023
2010/2011;76;POTENZA;M;7129
2010/2011;77;MATERA;F;4855
2010/2011;77;MATERA;M;3615
2010/2011;78;COSENZA;F;19191
2010/2011;78;COSENZA;M;13301
2010/2011;79;CATANZARO;F;9318
2010/2011;79;CATANZARO;M;6889
2010/2011;80;REGGIO CALABRIA;F;14570
2010/2011;80;REGGIO CALABRIA;M;10431
2010/2011;81;TRAPANI;F;7831
2010/2011;81;TRAPANI;M;5574
2010/2011;82;PALERMO;F;22498
2010/2011;82;PALERMO;M;17227
2010/2011;83;MESSINA;F;14870
2010/2011;83;MESSINA;M;10355
2010/2011;84;AGRIGENTO;F;8953
2010/2011;84;AGRIGENTO;M;6507
2010/2011;85;CALTANISSETTA;F;5837
2010/2011;85;CALTANISSETTA;M;3986
2010/2011;86;ENNA;F;3978
2010/2011;86;ENNA;M;2717
2010/2011;87;CATANIA;F;23717
2010/2011;87;CATANIA;M;16259
2010/2011;88;RAGUSA;F;5721
2010/2011;88;RAGUSA;M;4106
2010/2011;89;SIRACUSA;F;8160
2010/2011;89;SIRACUSA;M;5803
2010/2011;90;SASSARI;F;9277
2010/2011;90;SASSARI;M;5827
2010/2011;91;NUORO;F;4956
2010/2011;91;NUORO;M;2990
2010/2011;92;CAGLIARI;F;9787
2010/2011;92;CAGLIARI;M;6968
2010/2011;93;PORDENONE;F;4047
2010/2011;93;PORDENONE;M;3136
2010/2011;94;ISERNIA;F;2268
2010/2011;94;ISERNIA;M;1711
2010/2011;95;ORISTANO;F;3420
2010/2011;95;ORISTANO;M;2174
2010/2011;96;BIELLA;F;1902
2010/2011;96;BIELLA;M;1481
2010/2011;97;LECCO;F;4124
2010/2011;97;LECCO;M;3402
2010/2011;98;LODI;F;2743
2010/2011;98;LODI;M;2013
2010/2011;99;RIMINI;F;4508
2010/2011;99;RIMINI;M;3449
2010/2011;100;PRATO;F;3213
2010/2011;100;PRATO;M;2518
2010/2011;101;CROTONE;F;3747
2010/2011;101;CROTONE;M;2771
2010/2011;102;VIBO VALENTIA;F;4117
2010/2011;102;VIBO VALENTIA;M;2865
2010/2011;103;VERBANO CUSIO OSSOLA;F;1616
2010/2011;103;VERBANO CUSIO OSSOLA;M;1225
2010/2011;108;MONZA E BRIANZA;F;10836
2010/2011;108;MONZA E BRIANZA;M;8811
2010/2011;109;FERMO;F;3176
2010/2011;109;FERMO;M;2196
2010/2011;110;BARLETTA - ANDRIA - TRANI;F;7134
2010/2011;110;BARLETTA - ANDRIA - TRANI;M;5202
2010/2011;111;SUD SARDEGNA;F;7009
2010/2011;111;SUD SARDEGNA;M;3844
2010/2011;998;PROVINCIA ESTERA;F;10080
2010/2011;998;PROVINCIA ESTERA;M;9341
2010/2011;999;PROVINCIA NON DEFINITA;F;445
2010/2011;999;PROVINCIA NON DEFINITA;M;336
